0,712,680,10000,226703694,447209732,220506038,10000,YES,slot=2;src=712;dst=680;rate_mbps=0.005;flow_size_byte=10000;packet_lambda_per_s=None;packet_size_byte=1500;lambda_mode=flow_per_pair_rate_mbps
1,703,664,10000,378087949,494900915,116812966,10000,YES,slot=3;src=703;dst=664;rate_mbps=0.005;flow_size_byte=10000;packet_lambda_per_s=None;packet_size_byte=1500;lambda_mode=flow_per_pair_rate_mbps
2,665,701,10000,921442202,1109581267,188139065,10000,YES,slot=9;src=665;dst=701;rate_mbps=0.005;flow_size_byte=10000;packet_lambda_per_s=None;packet_size_byte=1500;lambda_mode=flow_per_pair_rate_mbps
3,641,670,10000,1288775791,1376398682,87622891,10000,YES,slot=12;src=641;dst=670;rate_mbps=0.005;flow_size_byte=10000;packet_lambda_per_s=None;packet_size_byte=1500;lambda_mode=flow_per_pair_rate_mbps
4,625,660,10000,1453893943,1555704182,101810239,10000,YES,slot=14;src=625;dst=660;rate_mbps=0.005;flow_size_byte=10000;packet_lambda_per_s=None;packet_size_byte=1500;lambda_mode=flow_per_pair_rate_mbps
5,634,628,10000,1560777427,1661741727,100964300,10000,YES,slot=15;src=634;dst=628;rate_mbps=0.005;flow_size_byte=10000;packet_lambda_per_s=None;packet_size_byte=1500;lambda_mode=flow_per_pair_rate_mbps
6,633,723,10000,1687370314,1883435513,196065199,10000,YES,slot=16;src=633;dst=723;rate_mbps=0.005;flow_size_byte=10000;packet_lambda_per_s=None;packet_size_byte=1500;lambda_mode=flow_per_pair_rate_mbps
7,684,639,10000,2054147526,2253847115,199699589,10000,YES,slot=20;src=684;dst=639;rate_mbps=0.005;flow_size_byte=10000;packet_lambda_per_s=None;packet_size_byte=1500;lambda_mode=flow_per_pair_rate_mbps
8,665,701,10000,2064546921,2252624611,188077690,10000,YES,slot=20;src=665;dst=701;rate_mbps=0.005;flow_size_byte=10000;packet_lambda_per_s=None;packet_size_byte=1500;lambda_mode=flow_per_pair_rate_mbps
9,717,675,10000,2365673360,2396812529,31139169,10000,YES,slot=23;src=717;dst=675;rate_mbps=0.005;flow_size_byte=10000;packet_lambda_per_s=None;packet_size_byte=1500;lambda_mode=flow_per_pair_rate_mbps
10,657,671,10000,2403319392,2625913029,222593637,10000,YES,slot=24;src=657;dst=671;rate_mbps=0.005;flow_size_byte=10000;packet_lambda_per_s=None;packet_size_byte=1500;lambda_mode=flow_per_pair_rate_mbps
11,625,660,10000,2471518539,2573475403,101956864,10000,YES,slot=24;src=625;dst=660;rate_mbps=0.005;flow_size_byte=10000;packet_lambda_per_s=None;packet_size_byte=1500;lambda_mode=flow_per_pair_rate_mbps
12,698,663,10000,2632587234,2710469257,77882023,10000,YES,slot=26;src=698;dst=663;rate_mbps=0.005;flow_size_byte=10000;packet_lambda_per_s=None;packet_size_byte=1500;lambda_mode=flow_per_pair_rate_mbps
13,722,706,10000,2725673680,2908717204,183043524,10000,YES,slot=27;src=722;dst=706;rate_mbps=0.005;flow_size_byte=10000;packet_lambda_per_s=None;packet_size_byte=1500;lambda_mode=flow_per_pair_rate_mbps
14,641,670,10000,2909107429,2997028141,87920712,10000,YES,slot=29;src=641;dst=670;rate_mbps=0.005;flow_size_byte=10000;packet_lambda_per_s=None;packet_size_byte=1500;lambda_mode=flow_per_pair_rate_mbps
15,648,713,10000,2950551420,3158280963,207729543,10000,YES,slot=29;src=648;dst=713;rate_mbps=0.005;flow_size_byte=10000;packet_lambda_per_s=None;packet_size_byte=1500;lambda_mode=flow_per_pair_rate_mbps
16,693,686,10000,3112738800,3339944334,227205534,10000,YES,slot=31;src=693;dst=686;rate_mbps=0.005;flow_size_byte=10000;packet_lambda_per_s=None;packet_size_byte=1500;lambda_mode=flow_per_pair_rate_mbps
17,666,691,10000,3203010206,3305014727,102004521,10000,YES,slot=32;src=666;dst=691;rate_mbps=0.005;flow_size_byte=10000;packet_lambda_per_s=None;packet_size_byte=1500;lambda_mode=flow_per_pair_rate_mbps
18,705,690,10000,3501705381,3534318989,32613608,10000,YES,slot=35;src=705;dst=690;rate_mbps=0.005;flow_size_byte=10000;packet_lambda_per_s=None;packet_size_byte=1500;lambda_mode=flow_per_pair_rate_mbps
19,629,655,10000,3866771031,3895395161,28624130,10000,YES,slot=38;src=629;dst=655;rate_mbps=0.005;flow_size_byte=10000;packet_lambda_per_s=None;packet_size_byte=1500;lambda_mode=flow_per_pair_rate_mbps
20,633,723,10000,3878154547,4070122599,191968052,10000,YES,slot=38;src=633;dst=723;rate_mbps=0.005;flow_size_byte=10000;packet_lambda_per_s=None;packet_size_byte=1500;lambda_mode=flow_per_pair_rate_mbps
21,626,659,10000,3899303267,4047847855,148544588,10000,YES,slot=38;src=626;dst=659;rate_mbps=0.005;flow_size_byte=10000;packet_lambda_per_s=None;packet_size_byte=1500;lambda_mode=flow_per_pair_rate_mbps
22,643,672,10000,4292219579,4438860813,146641234,10000,YES,slot=42;src=643;dst=672;rate_mbps=0.005;flow_size_byte=10000;packet_lambda_per_s=None;packet_size_byte=1500;lambda_mode=flow_per_pair_rate_mbps
23,655,629,10000,4355643515,4384297642,28654127,10000,YES,slot=43;src=655;dst=629;rate_mbps=0.005;flow_size_byte=10000;packet_lambda_per_s=None;packet_size_byte=1500;lambda_mode=flow_per_pair_rate_mbps
24,676,699,10000,4413560641,4651462761,237902120,10000,YES,slot=44;src=676;dst=699;rate_mbps=0.005;flow_size_byte=10000;packet_lambda_per_s=None;packet_size_byte=1500;lambda_mode=flow_per_pair_rate_mbps
25,722,706,10000,5160929287,5343872910,182943623,10000,YES,slot=51;src=722;dst=706;rate_mbps=0.005;flow_size_byte=10000;packet_lambda_per_s=None;packet_size_byte=1500;lambda_mode=flow_per_pair_rate_mbps
26,680,712,10000,5193228328,5413576437,220348109,10000,YES,slot=51;src=680;dst=712;rate_mbps=0.005;flow_size_byte=10000;packet_lambda_per_s=None;packet_size_byte=1500;lambda_mode=flow_per_pair_rate_mbps
27,716,662,10000,5307354259,5428843417,121489158,10000,YES,slot=53;src=716;dst=662;rate_mbps=0.005;flow_size_byte=10000;packet_lambda_per_s=None;packet_size_byte=1500;lambda_mode=flow_per_pair_rate_mbps
28,635,710,10000,5353724768,5383368597,29643829,10000,YES,slot=53;src=635;dst=710;rate_mbps=0.005;flow_size_byte=10000;packet_lambda_per_s=None;packet_size_byte=1500;lambda_mode=flow_per_pair_rate_mbps
29,654,709,10000,5525898842,5685520179,159621337,10000,YES,slot=55;src=654;dst=709;rate_mbps=0.005;flow_size_byte=10000;packet_lambda_per_s=None;packet_size_byte=1500;lambda_mode=flow_per_pair_rate_mbps
30,715,677,10000,5600773671,5775917054,175143383,10000,YES,slot=56;src=715;dst=677;rate_mbps=0.005;flow_size_byte=10000;packet_lambda_per_s=None;packet_size_byte=1500;lambda_mode=flow_per_pair_rate_mbps
31,696,669,10000,6053548469,6374945383,321396914,10000,YES,slot=60;src=696;dst=669;rate_mbps=0.005;flow_size_byte=10000;packet_lambda_per_s=None;packet_size_byte=1500;lambda_mode=flow_per_pair_rate_mbps
32,721,636,10000,6086673919,6226850026,140176107,10000,YES,slot=60;src=721;dst=636;rate_mbps=0.005;flow_size_byte=10000;packet_lambda_per_s=None;packet_size_byte=1500;lambda_mode=flow_per_pair_rate_mbps
33,710,635,10000,6233807005,6263359292,29552287,10000,YES,slot=62;src=710;dst=635;rate_mbps=0.005;flow_size_byte=10000;packet_lambda_per_s=None;packet_size_byte=1500;lambda_mode=flow_per_pair_rate_mbps
34,655,629,10000,6416822157,6445606845,28784688,10000,YES,slot=64;src=655;dst=629;rate_mbps=0.005;flow_size_byte=10000;packet_lambda_per_s=None;packet_size_byte=1500;lambda_mode=flow_per_pair_rate_mbps
35,704,700,10000,6561963063,6774357984,212394921,10000,YES,slot=65;src=704;dst=700;rate_mbps=0.005;flow_size_byte=10000;packet_lambda_per_s=None;packet_size_byte=1500;lambda_mode=flow_per_pair_rate_mbps
36,644,687,10000,7348568628,7605273084,256704456,10000,YES,slot=73;src=644;dst=687;rate_mbps=0.005;flow_size_byte=10000;packet_lambda_per_s=None;packet_size_byte=1500;lambda_mode=flow_per_pair_rate_mbps
37,657,671,10000,7622580530,7845143949,222563419,10000,YES,slot=76;src=657;dst=671;rate_mbps=0.005;flow_size_byte=10000;packet_lambda_per_s=None;packet_size_byte=1500;lambda_mode=flow_per_pair_rate_mbps
38,651,689,10000,7792384323,7869244734,76860411,10000,YES,slot=77;src=651;dst=689;rate_mbps=0.005;flow_size_byte=10000;packet_lambda_per_s=None;packet_size_byte=1500;lambda_mode=flow_per_pair_rate_mbps
39,674,673,10000,7865629039,8089804511,224175472,10000,YES,slot=78;src=674;dst=673;rate_mbps=0.005;flow_size_byte=10000;packet_lambda_per_s=None;packet_size_byte=1500;lambda_mode=flow_per_pair_rate_mbps
40,690,705,10000,8034175419,8066858386,32682967,10000,YES,slot=80;src=690;dst=705;rate_mbps=0.005;flow_size_byte=10000;packet_lambda_per_s=None;packet_size_byte=1500;lambda_mode=flow_per_pair_rate_mbps
41,657,671,10000,8176704288,8398405791,221701503,10000,YES,slot=81;src=657;dst=671;rate_mbps=0.005;flow_size_byte=10000;packet_lambda_per_s=None;packet_size_byte=1500;lambda_mode=flow_per_pair_rate_mbps
42,687,644,10000,8410166128,8661449845,251283717,10000,YES,slot=84;src=687;dst=644;rate_mbps=0.005;flow_size_byte=10000;packet_lambda_per_s=None;packet_size_byte=1500;lambda_mode=flow_per_pair_rate_mbps
43,718,679,10000,8480884905,8512262011,31377106,10000,YES,slot=84;src=718;dst=679;rate_mbps=0.005;flow_size_byte=10000;packet_lambda_per_s=None;packet_size_byte=1500;lambda_mode=flow_per_pair_rate_mbps
44,710,635,10000,8507169896,8536490476,29320580,10000,YES,slot=85;src=710;dst=635;rate_mbps=0.005;flow_size_byte=10000;packet_lambda_per_s=None;packet_size_byte=1500;lambda_mode=flow_per_pair_rate_mbps
45,718,679,10000,8534272675,8565644075,31371400,10000,YES,slot=85;src=718;dst=679;rate_mbps=0.005;flow_size_byte=10000;packet_lambda_per_s=None;packet_size_byte=1500;lambda_mode=flow_per_pair_rate_mbps
46,677,715,10000,8698389138,8873640946,175251808,10000,YES,slot=86;src=677;dst=715;rate_mbps=0.005;flow_size_byte=10000;packet_lambda_per_s=None;packet_size_byte=1500;lambda_mode=flow_per_pair_rate_mbps
47,676,699,10000,8743665548,8981474969,237809421,10000,YES,slot=87;src=676;dst=699;rate_mbps=0.005;flow_size_byte=10000;packet_lambda_per_s=None;packet_size_byte=1500;lambda_mode=flow_per_pair_rate_mbps
48,708,632,10000,8897029423,9195547530,298518107,10000,YES,slot=88;src=708;dst=632;rate_mbps=0.005;flow_size_byte=10000;packet_lambda_per_s=None;packet_size_byte=1500;lambda_mode=flow_per_pair_rate_mbps
49,645,720,10000,9060120220,9225823486,165703266,10000,YES,slot=90;src=645;dst=720;rate_mbps=0.005;flow_size_byte=10000;packet_lambda_per_s=None;packet_size_byte=1500;lambda_mode=flow_per_pair_rate_mbps
50,688,695,10000,9441735388,9501442391,59707003,10000,YES,slot=94;src=688;dst=695;rate_mbps=0.005;flow_size_byte=10000;packet_lambda_per_s=None;packet_size_byte=1500;lambda_mode=flow_per_pair_rate_mbps
51,687,644,10000,9443560705,9694907093,251346388,10000,YES,slot=94;src=687;dst=644;rate_mbps=0.005;flow_size_byte=10000;packet_lambda_per_s=None;packet_size_byte=1500;lambda_mode=flow_per_pair_rate_mbps
52,696,669,10000,9916917321,10235770694,318853373,10000,YES,slot=99;src=696;dst=669;rate_mbps=0.005;flow_size_byte=10000;packet_lambda_per_s=None;packet_size_byte=1500;lambda_mode=flow_per_pair_rate_mbps
53,712,680,10000,10152237014,10372445509,220208495,10000,YES,slot=101;src=712;dst=680;rate_mbps=0.005;flow_size_byte=10000;packet_lambda_per_s=None;packet_size_byte=1500;lambda_mode=flow_per_pair_rate_mbps
54,685,661,10000,10290989768,10409913268,118923500,10000,YES,slot=102;src=685;dst=661;rate_mbps=0.005;flow_size_byte=10000;packet_lambda_per_s=None;packet_size_byte=1500;lambda_mode=flow_per_pair_rate_mbps
55,668,692,10000,10445702698,10499132803,53430105,10000,YES,slot=104;src=668;dst=692;rate_mbps=0.005;flow_size_byte=10000;packet_lambda_per_s=None;packet_size_byte=1500;lambda_mode=flow_per_pair_rate_mbps
56,658,649,10000,10768600550,10974572678,205972128,10000,YES,slot=107;src=658;dst=649;rate_mbps=0.005;flow_size_byte=10000;packet_lambda_per_s=None;packet_size_byte=1500;lambda_mode=flow_per_pair_rate_mbps
57,660,625,10000,11102109704,11217531746,115422042,10000,YES,slot=111;src=660;dst=625;rate_mbps=0.005;flow_size_byte=10000;packet_lambda_per_s=None;packet_size_byte=1500;lambda_mode=flow_per_pair_rate_mbps
58,705,690,10000,11127517942,11160192424,32674482,10000,YES,slot=111;src=705;dst=690;rate_mbps=0.005;flow_size_byte=10000;packet_lambda_per_s=None;packet_size_byte=1500;lambda_mode=flow_per_pair_rate_mbps
59,675,717,10000,11474635381,11506420826,31785445,10000,YES,slot=114;src=675;dst=717;rate_mbps=0.005;flow_size_byte=10000;packet_lambda_per_s=None;packet_size_byte=1500;lambda_mode=flow_per_pair_rate_mbps
60,658,649,10000,11793691352,11999663710,205972358,10000,YES,slot=117;src=658;dst=649;rate_mbps=0.005;flow_size_byte=10000;packet_lambda_per_s=None;packet_size_byte=1500;lambda_mode=flow_per_pair_rate_mbps
61,719,627,10000,12054057011,12236541715,182484704,10000,YES,slot=120;src=719;dst=627;rate_mbps=0.005;flow_size_byte=10000;packet_lambda_per_s=None;packet_size_byte=1500;lambda_mode=flow_per_pair_rate_mbps
62,713,648,10000,12082125331,12289867984,207742653,10000,YES,slot=120;src=713;dst=648;rate_mbps=0.005;flow_size_byte=10000;packet_lambda_per_s=None;packet_size_byte=1500;lambda_mode=flow_per_pair_rate_mbps
63,635,710,10000,12187013072,12215973038,28959966,10000,YES,slot=121;src=635;dst=710;rate_mbps=0.005;flow_size_byte=10000;packet_lambda_per_s=None;packet_size_byte=1500;lambda_mode=flow_per_pair_rate_mbps
64,669,696,10000,12189017576,12507435070,318417494,10000,YES,slot=121;src=669;dst=696;rate_mbps=0.005;flow_size_byte=10000;packet_lambda_per_s=None;packet_size_byte=1500;lambda_mode=flow_per_pair_rate_mbps
65,633,723,10000,12269797732,12462913587,193115855,10000,YES,slot=122;src=633;dst=723;rate_mbps=0.005;flow_size_byte=10000;packet_lambda_per_s=None;packet_size_byte=1500;lambda_mode=flow_per_pair_rate_mbps
66,651,689,10000,12284358313,12355646124,71287811,10000,YES,slot=122;src=651;dst=689;rate_mbps=0.005;flow_size_byte=10000;packet_lambda_per_s=None;packet_size_byte=1500;lambda_mode=flow_per_pair_rate_mbps
67,694,714,10000,12616693373,12869478682,252785309,10000,YES,slot=126;src=694;dst=714;rate_mbps=0.005;flow_size_byte=10000;packet_lambda_per_s=None;packet_size_byte=1500;lambda_mode=flow_per_pair_rate_mbps
68,685,661,10000,12740825138,12859694807,118869669,10000,YES,slot=127;src=685;dst=661;rate_mbps=0.005;flow_size_byte=10000;packet_lambda_per_s=None;packet_size_byte=1500;lambda_mode=flow_per_pair_rate_mbps
69,681,724,10000,13001837430,13217913988,216076558,10000,YES,slot=130;src=681;dst=724;rate_mbps=0.005;flow_size_byte=10000;packet_lambda_per_s=None;packet_size_byte=1500;lambda_mode=flow_per_pair_rate_mbps
70,719,627,10000,13063219042,13245603136,182384094,10000,YES,slot=130;src=719;dst=627;rate_mbps=0.005;flow_size_byte=10000;packet_lambda_per_s=None;packet_size_byte=1500;lambda_mode=flow_per_pair_rate_mbps
71,634,628,10000,13131217188,13242671945,111454757,10000,YES,slot=131;src=634;dst=628;rate_mbps=0.005;flow_size_byte=10000;packet_lambda_per_s=None;packet_size_byte=1500;lambda_mode=flow_per_pair_rate_mbps
72,684,639,10000,13932926349,14132685353,199759004,10000,YES,slot=139;src=684;dst=639;rate_mbps=0.005;flow_size_byte=10000;packet_lambda_per_s=None;packet_size_byte=1500;lambda_mode=flow_per_pair_rate_mbps
73,638,652,10000,14167110595,14244688978,77578383,10000,YES,slot=141;src=638;dst=652;rate_mbps=0.005;flow_size_byte=10000;packet_lambda_per_s=None;packet_size_byte=1500;lambda_mode=flow_per_pair_rate_mbps
74,649,658,10000,14172675572,14378657590,205982018,10000,YES,slot=141;src=649;dst=658;rate_mbps=0.005;flow_size_byte=10000;packet_lambda_per_s=None;packet_size_byte=1500;lambda_mode=flow_per_pair_rate_mbps
75,700,704,10000,14264534349,14476415506,211881157,10000,YES,slot=142;src=700;dst=704;rate_mbps=0.005;flow_size_byte=10000;packet_lambda_per_s=None;packet_size_byte=1500;lambda_mode=flow_per_pair_rate_mbps
76,713,648,10000,14368441088,14576196197,207755109,10000,YES,slot=143;src=713;dst=648;rate_mbps=0.005;flow_size_byte=10000;packet_lambda_per_s=None;packet_size_byte=1500;lambda_mode=flow_per_pair_rate_mbps
77,692,668,10000,14435692043,14489057100,53365057,10000,YES,slot=144;src=692;dst=668;rate_mbps=0.005;flow_size_byte=10000;packet_lambda_per_s=None;packet_size_byte=1500;lambda_mode=flow_per_pair_rate_mbps
78,642,630,10000,14519879110,14809500851,289621741,10000,YES,slot=145;src=642;dst=630;rate_mbps=0.005;flow_size_byte=10000;packet_lambda_per_s=None;packet_size_byte=1500;lambda_mode=flow_per_pair_rate_mbps
79,723,633,10000,14578844926,14772058477,193213551,10000,YES,slot=145;src=723;dst=633;rate_mbps=0.005;flow_size_byte=10000;packet_lambda_per_s=None;packet_size_byte=1500;lambda_mode=flow_per_pair_rate_mbps
80,629,655,10000,14580615552,14609980641,29365089,10000,YES,slot=145;src=629;dst=655;rate_mbps=0.005;flow_size_byte=10000;packet_lambda_per_s=None;packet_size_byte=1500;lambda_mode=flow_per_pair_rate_mbps
81,682,631,10000,14651735542,14883562931,231827389,10000,YES,slot=146;src=682;dst=631;rate_mbps=0.005;flow_size_byte=10000;packet_lambda_per_s=None;packet_size_byte=1500;lambda_mode=flow_per_pair_rate_mbps
82,673,674,10000,14759968525,14984150709,224182184,10000,YES,slot=147;src=673;dst=674;rate_mbps=0.005;flow_size_byte=10000;packet_lambda_per_s=None;packet_size_byte=1500;lambda_mode=flow_per_pair_rate_mbps
83,718,679,10000,14931439650,14962154784,30715134,10000,YES,slot=149;src=718;dst=679;rate_mbps=0.005;flow_size_byte=10000;packet_lambda_per_s=None;packet_size_byte=1500;lambda_mode=flow_per_pair_rate_mbps
84,669,696,10000,15013173632,15331410162,318236530,10000,YES,slot=150;src=669;dst=696;rate_mbps=0.005;flow_size_byte=10000;packet_lambda_per_s=None;packet_size_byte=1500;lambda_mode=flow_per_pair_rate_mbps
85,656,702,10000,15366461374,15484832777,118371403,10000,YES,slot=153;src=656;dst=702;rate_mbps=0.005;flow_size_byte=10000;packet_lambda_per_s=None;packet_size_byte=1500;lambda_mode=flow_per_pair_rate_mbps
86,722,706,10000,15404205556,15586839527,182633971,10000,YES,slot=154;src=722;dst=706;rate_mbps=0.005;flow_size_byte=10000;packet_lambda_per_s=None;packet_size_byte=1500;lambda_mode=flow_per_pair_rate_mbps
87,696,669,10000,15414467233,15732686103,318218870,10000,YES,slot=154;src=696;dst=669;rate_mbps=0.005;flow_size_byte=10000;packet_lambda_per_s=None;packet_size_byte=1500;lambda_mode=flow_per_pair_rate_mbps
88,673,674,10000,15416327380,15640511695,224184315,10000,YES,slot=154;src=673;dst=674;rate_mbps=0.005;flow_size_byte=10000;packet_lambda_per_s=None;packet_size_byte=1500;lambda_mode=flow_per_pair_rate_mbps
89,705,690,10000,15819874643,15852627760,32753117,10000,YES,slot=158;src=705;dst=690;rate_mbps=0.005;flow_size_byte=10000;packet_lambda_per_s=None;packet_size_byte=1500;lambda_mode=flow_per_pair_rate_mbps
90,629,655,10000,15867844030,15897309469,29465439,10000,YES,slot=158;src=629;dst=655;rate_mbps=0.005;flow_size_byte=10000;packet_lambda_per_s=None;packet_size_byte=1500;lambda_mode=flow_per_pair_rate_mbps
91,722,706,10000,16041848077,16224468772,182620695,10000,YES,slot=160;src=722;dst=706;rate_mbps=0.005;flow_size_byte=10000;packet_lambda_per_s=None;packet_size_byte=1500;lambda_mode=flow_per_pair_rate_mbps
92,675,717,10000,16124381917,16156536724,32154807,10000,YES,slot=161;src=675;dst=717;rate_mbps=0.005;flow_size_byte=10000;packet_lambda_per_s=None;packet_size_byte=1500;lambda_mode=flow_per_pair_rate_mbps
93,656,702,10000,16133848275,16252253739,118405464,10000,YES,slot=161;src=656;dst=702;rate_mbps=0.005;flow_size_byte=10000;packet_lambda_per_s=None;packet_size_byte=1500;lambda_mode=flow_per_pair_rate_mbps
94,629,655,10000,16276077455,16305575223,29497768,10000,YES,slot=162;src=629;dst=655;rate_mbps=0.005;flow_size_byte=10000;packet_lambda_per_s=None;packet_size_byte=1500;lambda_mode=flow_per_pair_rate_mbps
95,705,690,10000,16454013297,16486779467,32766170,10000,YES,slot=164;src=705;dst=690;rate_mbps=0.005;flow_size_byte=10000;packet_lambda_per_s=None;packet_size_byte=1500;lambda_mode=flow_per_pair_rate_mbps
96,672,643,10000,16847946117,16998347981,150401864,10000,YES,slot=168;src=672;dst=643;rate_mbps=0.005;flow_size_byte=10000;packet_lambda_per_s=None;packet_size_byte=1500;lambda_mode=flow_per_pair_rate_mbps
97,667,707,10000,16848026579,17072797766,224771187,10000,YES,slot=168;src=667;dst=707;rate_mbps=0.005;flow_size_byte=10000;packet_lambda_per_s=None;packet_size_byte=1500;lambda_mode=flow_per_pair_rate_mbps
98,628,634,10000,17121391743,17232572149,111180406,10000,YES,slot=171;src=628;dst=634;rate_mbps=0.005;flow_size_byte=10000;packet_lambda_per_s=None;packet_size_byte=1500;lambda_mode=flow_per_pair_rate_mbps
99,697,653,10000,17180488363,17333745207,153256844,10000,YES,slot=171;src=697;dst=653;rate_mbps=0.005;flow_size_byte=10000;packet_lambda_per_s=None;packet_size_byte=1500;lambda_mode=flow_per_pair_rate_mbps
100,673,674,10000,17206877543,17431072491,224194948,10000,YES,slot=172;src=673;dst=674;rate_mbps=0.005;flow_size_byte=10000;packet_lambda_per_s=None;packet_size_byte=1500;lambda_mode=flow_per_pair_rate_mbps
101,692,668,10000,17253722196,17307059548,53337352,10000,YES,slot=172;src=692;dst=668;rate_mbps=0.005;flow_size_byte=10000;packet_lambda_per_s=None;packet_size_byte=1500;lambda_mode=flow_per_pair_rate_mbps
102,711,637,10000,17300134783,17536458122,236323339,10000,YES,slot=173;src=711;dst=637;rate_mbps=0.005;flow_size_byte=10000;packet_lambda_per_s=None;packet_size_byte=1500;lambda_mode=flow_per_pair_rate_mbps
103,719,627,10000,17581966256,17763951964,181985708,10000,YES,slot=175;src=719;dst=627;rate_mbps=0.005;flow_size_byte=10000;packet_lambda_per_s=None;packet_size_byte=1500;lambda_mode=flow_per_pair_rate_mbps
104,686,693,10000,17688146456,17914767963,226621507,10000,YES,slot=176;src=686;dst=693;rate_mbps=0.005;flow_size_byte=10000;packet_lambda_per_s=None;packet_size_byte=1500;lambda_mode=flow_per_pair_rate_mbps
105,669,696,10000,17878001390,18196009041,318007651,10000,YES,slot=178;src=669;dst=696;rate_mbps=0.005;flow_size_byte=10000;packet_lambda_per_s=None;packet_size_byte=1500;lambda_mode=flow_per_pair_rate_mbps
106,679,718,10000,17892581203,17923008681,30427478,10000,YES,slot=178;src=679;dst=718;rate_mbps=0.005;flow_size_byte=10000;packet_lambda_per_s=None;packet_size_byte=1500;lambda_mode=flow_per_pair_rate_mbps
107,682,631,10000,17939045522,18170835854,231790332,10000,YES,slot=179;src=682;dst=631;rate_mbps=0.005;flow_size_byte=10000;packet_lambda_per_s=None;packet_size_byte=1500;lambda_mode=flow_per_pair_rate_mbps
108,670,641,10000,18024895543,18110770829,85875286,10000,YES,slot=180;src=670;dst=641;rate_mbps=0.005;flow_size_byte=10000;packet_lambda_per_s=None;packet_size_byte=1500;lambda_mode=flow_per_pair_rate_mbps
109,631,682,10000,18042602291,18274391874,231789583,10000,YES,slot=180;src=631;dst=682;rate_mbps=0.005;flow_size_byte=10000;packet_lambda_per_s=None;packet_size_byte=1500;lambda_mode=flow_per_pair_rate_mbps
110,672,643,10000,18137487480,18287789798,150302318,10000,YES,slot=181;src=672;dst=643;rate_mbps=0.005;flow_size_byte=10000;packet_lambda_per_s=None;packet_size_byte=1500;lambda_mode=flow_per_pair_rate_mbps
111,658,649,10000,18623157018,18829121205,205964187,10000,YES,slot=186;src=658;dst=649;rate_mbps=0.005;flow_size_byte=10000;packet_lambda_per_s=None;packet_size_byte=1500;lambda_mode=flow_per_pair_rate_mbps
112,634,628,10000,18678610667,18789690345,111079678,10000,YES,slot=186;src=634;dst=628;rate_mbps=0.005;flow_size_byte=10000;packet_lambda_per_s=None;packet_size_byte=1500;lambda_mode=flow_per_pair_rate_mbps
113,677,715,10000,18789606374,18965274049,175667675,10000,YES,slot=187;src=677;dst=715;rate_mbps=0.005;flow_size_byte=10000;packet_lambda_per_s=None;packet_size_byte=1500;lambda_mode=flow_per_pair_rate_mbps
114,721,636,10000,18849978497,18998496624,148518127,10000,YES,slot=188;src=721;dst=636;rate_mbps=0.005;flow_size_byte=10000;packet_lambda_per_s=None;packet_size_byte=1500;lambda_mode=flow_per_pair_rate_mbps
115,648,713,10000,18978049786,19196100397,218050611,10000,YES,slot=189;src=648;dst=713;rate_mbps=0.005;flow_size_byte=10000;packet_lambda_per_s=None;packet_size_byte=1500;lambda_mode=flow_per_pair_rate_mbps
116,684,639,10000,19119786437,19319720378,199933941,10000,YES,slot=191;src=684;dst=639;rate_mbps=0.005;flow_size_byte=10000;packet_lambda_per_s=None;packet_size_byte=1500;lambda_mode=flow_per_pair_rate_mbps
117,676,699,10000,19324574438,19562252128,237677690,10000,YES,slot=193;src=676;dst=699;rate_mbps=0.005;flow_size_byte=10000;packet_lambda_per_s=None;packet_size_byte=1500;lambda_mode=flow_per_pair_rate_mbps
118,628,634,10000,19378008080,19489043303,111035223,10000,YES,slot=193;src=628;dst=634;rate_mbps=0.005;flow_size_byte=10000;packet_lambda_per_s=None;packet_size_byte=1500;lambda_mode=flow_per_pair_rate_mbps
119,650,640,10000,19495172478,19568577482,73405004,10000,YES,slot=194;src=650;dst=640;rate_mbps=0.005;flow_size_byte=10000;packet_lambda_per_s=None;packet_size_byte=1500;lambda_mode=flow_per_pair_rate_mbps
120,628,634,10000,19532926662,19643952164,111025502,10000,YES,slot=195;src=628;dst=634;rate_mbps=0.005;flow_size_byte=10000;packet_lambda_per_s=None;packet_size_byte=1500;lambda_mode=flow_per_pair_rate_mbps
121,655,629,10000,19816521245,19846308892,29787647,10000,YES,slot=198;src=655;dst=629;rate_mbps=0.005;flow_size_byte=10000;packet_lambda_per_s=None;packet_size_byte=1500;lambda_mode=flow_per_pair_rate_mbps
122,641,670,10000,19859641628,19941502499,81860871,10000,YES,slot=198;src=641;dst=670;rate_mbps=0.005;flow_size_byte=10000;packet_lambda_per_s=None;packet_size_byte=1500;lambda_mode=flow_per_pair_rate_mbps
123,626,659,10000,19901521633,20048857330,147335697,10000,YES,slot=199;src=626;dst=659;rate_mbps=0.005;flow_size_byte=10000;packet_lambda_per_s=None;packet_size_byte=1500;lambda_mode=flow_per_pair_rate_mbps
124,716,662,10000,19931406900,20062108755,130701855,10000,YES,slot=199;src=716;dst=662;rate_mbps=0.005;flow_size_byte=10000;packet_lambda_per_s=None;packet_size_byte=1500;lambda_mode=flow_per_pair_rate_mbps
125,716,662,10000,20014441261,20145138465,130697204,10000,YES,slot=200;src=716;dst=662;rate_mbps=0.005;flow_size_byte=10000;packet_lambda_per_s=None;packet_size_byte=1500;lambda_mode=flow_per_pair_rate_mbps
126,714,694,10000,20150889703,20412044847,261155144,10000,YES,slot=201;src=714;dst=694;rate_mbps=0.005;flow_size_byte=10000;packet_lambda_per_s=None;packet_size_byte=1500;lambda_mode=flow_per_pair_rate_mbps
127,657,671,10000,20475303147,20696341963,221038816,10000,YES,slot=204;src=657;dst=671;rate_mbps=0.005;flow_size_byte=10000;packet_lambda_per_s=None;packet_size_byte=1500;lambda_mode=flow_per_pair_rate_mbps
128,655,629,10000,20530546657,20560394801,29848144,10000,YES,slot=205;src=655;dst=629;rate_mbps=0.005;flow_size_byte=10000;packet_lambda_per_s=None;packet_size_byte=1500;lambda_mode=flow_per_pair_rate_mbps
129,625,660,10000,20557981616,20672660314,114678698,10000,YES,slot=205;src=625;dst=660;rate_mbps=0.005;flow_size_byte=10000;packet_lambda_per_s=None;packet_size_byte=1500;lambda_mode=flow_per_pair_rate_mbps
130,633,723,10000,20814298331,21006045902,191747571,10000,YES,slot=208;src=633;dst=723;rate_mbps=0.005;flow_size_byte=10000;packet_lambda_per_s=None;packet_size_byte=1500;lambda_mode=flow_per_pair_rate_mbps
131,669,696,10000,20871066274,21188598909,317532635,10000,YES,slot=208;src=669;dst=696;rate_mbps=0.005;flow_size_byte=10000;packet_lambda_per_s=None;packet_size_byte=1500;lambda_mode=flow_per_pair_rate_mbps
132,665,701,10000,20938761987,21126171455,187409468,10000,YES,slot=209;src=665;dst=701;rate_mbps=0.005;flow_size_byte=10000;packet_lambda_per_s=None;packet_size_byte=1500;lambda_mode=flow_per_pair_rate_mbps
133,693,686,10000,21172760958,21399291516,226530558,10000,YES,slot=211;src=693;dst=686;rate_mbps=0.005;flow_size_byte=10000;packet_lambda_per_s=None;packet_size_byte=1500;lambda_mode=flow_per_pair_rate_mbps
134,636,721,10000,21237810310,21386356502,148546192,10000,YES,slot=212;src=636;dst=721;rate_mbps=0.005;flow_size_byte=10000;packet_lambda_per_s=None;packet_size_byte=1500;lambda_mode=flow_per_pair_rate_mbps
135,643,672,10000,21290869779,21440999870,150130091,10000,YES,slot=212;src=643;dst=672;rate_mbps=0.005;flow_size_byte=10000;packet_lambda_per_s=None;packet_size_byte=1500;lambda_mode=flow_per_pair_rate_mbps
136,653,697,10000,21341149622,21494608193,153458571,10000,YES,slot=213;src=653;dst=697;rate_mbps=0.005;flow_size_byte=10000;packet_lambda_per_s=None;packet_size_byte=1500;lambda_mode=flow_per_pair_rate_mbps
137,651,689,10000,21390110533,21461291791,71181258,10000,YES,slot=213;src=651;dst=689;rate_mbps=0.005;flow_size_byte=10000;packet_lambda_per_s=None;packet_size_byte=1500;lambda_mode=flow_per_pair_rate_mbps
138,712,680,10000,21488569782,21708529334,219959552,10000,YES,slot=214;src=712;dst=680;rate_mbps=0.005;flow_size_byte=10000;packet_lambda_per_s=None;packet_size_byte=1500;lambda_mode=flow_per_pair_rate_mbps
139,635,710,10000,21703044252,21731158795,28114543,10000,YES,slot=217;src=635;dst=710;rate_mbps=0.005;flow_size_byte=10000;packet_lambda_per_s=None;packet_size_byte=1500;lambda_mode=flow_per_pair_rate_mbps
140,710,635,10000,21856594853,21884696729,28101876,10000,YES,slot=218;src=710;dst=635;rate_mbps=0.005;flow_size_byte=10000;packet_lambda_per_s=None;packet_size_byte=1500;lambda_mode=flow_per_pair_rate_mbps
141,633,723,10000,22069731216,22261494396,191763180,10000,YES,slot=220;src=633;dst=723;rate_mbps=0.005;flow_size_byte=10000;packet_lambda_per_s=None;packet_size_byte=1500;lambda_mode=flow_per_pair_rate_mbps
142,669,696,10000,22317043079,22634352645,317309566,10000,YES,slot=223;src=669;dst=696;rate_mbps=0.005;flow_size_byte=10000;packet_lambda_per_s=None;packet_size_byte=1500;lambda_mode=flow_per_pair_rate_mbps
143,664,703,10000,22645514032,22744694024,99179992,10000,YES,slot=226;src=664;dst=703;rate_mbps=0.005;flow_size_byte=10000;packet_lambda_per_s=None;packet_size_byte=1500;lambda_mode=flow_per_pair_rate_mbps
144,698,663,10000,22651757621,22728773053,77015432,10000,YES,slot=226;src=698;dst=663;rate_mbps=0.005;flow_size_byte=10000;packet_lambda_per_s=None;packet_size_byte=1500;lambda_mode=flow_per_pair_rate_mbps
145,642,630,10000,22730336563,23019691719,289355156,10000,YES,slot=227;src=642;dst=630;rate_mbps=0.005;flow_size_byte=10000;packet_lambda_per_s=None;packet_size_byte=1500;lambda_mode=flow_per_pair_rate_mbps
146,629,655,10000,22765218119,22795259918,30041799,10000,YES,slot=227;src=629;dst=655;rate_mbps=0.005;flow_size_byte=10000;packet_lambda_per_s=None;packet_size_byte=1500;lambda_mode=flow_per_pair_rate_mbps
147,705,690,10000,23044491909,23077467169,32975260,10000,YES,slot=230;src=705;dst=690;rate_mbps=0.005;flow_size_byte=10000;packet_lambda_per_s=None;packet_size_byte=1500;lambda_mode=flow_per_pair_rate_mbps
148,709,654,10000,23201217553,23357741035,156523482,10000,YES,slot=232;src=709;dst=654;rate_mbps=0.005;flow_size_byte=10000;packet_lambda_per_s=None;packet_size_byte=1500;lambda_mode=flow_per_pair_rate_mbps
149,634,628,10000,23255130554,23365933092,110802538,10000,YES,slot=232;src=634;dst=628;rate_mbps=0.005;flow_size_byte=10000;packet_lambda_per_s=None;packet_size_byte=1500;lambda_mode=flow_per_pair_rate_mbps
150,649,658,10000,23351974838,23557877095,205902257,10000,YES,slot=233;src=649;dst=658;rate_mbps=0.005;flow_size_byte=10000;packet_lambda_per_s=None;packet_size_byte=1500;lambda_mode=flow_per_pair_rate_mbps
151,630,642,10000,23521995867,23811334898,289339031,10000,YES,slot=235;src=630;dst=642;rate_mbps=0.005;flow_size_byte=10000;packet_lambda_per_s=None;packet_size_byte=1500;lambda_mode=flow_per_pair_rate_mbps
152,718,679,10000,23710860038,23740754342,29894304,10000,YES,slot=237;src=718;dst=679;rate_mbps=0.005;flow_size_byte=10000;packet_lambda_per_s=None;packet_size_byte=1500;lambda_mode=flow_per_pair_rate_mbps
153,705,690,10000,23737958887,23770923130,32964243,10000,YES,slot=237;src=705;dst=690;rate_mbps=0.005;flow_size_byte=10000;packet_lambda_per_s=None;packet_size_byte=1500;lambda_mode=flow_per_pair_rate_mbps
154,627,719,10000,23918880071,24100581620,181701549,10000,YES,slot=239;src=627;dst=719;rate_mbps=0.005;flow_size_byte=10000;packet_lambda_per_s=None;packet_size_byte=1500;lambda_mode=flow_per_pair_rate_mbps
155,652,638,10000,23940413850,24018604634,78190784,10000,YES,slot=239;src=652;dst=638;rate_mbps=0.005;flow_size_byte=10000;packet_lambda_per_s=None;packet_size_byte=1500;lambda_mode=flow_per_pair_rate_mbps
156,705,690,10000,24008430282,24041847506,33417224,10000,YES,slot=240;src=705;dst=690;rate_mbps=0.005;flow_size_byte=10000;packet_lambda_per_s=None;packet_size_byte=1500;lambda_mode=flow_per_pair_rate_mbps
157,679,718,10000,24188815881,24218668289,29852408,10000,YES,slot=241;src=679;dst=718;rate_mbps=0.005;flow_size_byte=10000;packet_lambda_per_s=None;packet_size_byte=1500;lambda_mode=flow_per_pair_rate_mbps
158,704,700,10000,24232929549,24444244172,211314623,10000,YES,slot=242;src=704;dst=700;rate_mbps=0.005;flow_size_byte=10000;packet_lambda_per_s=None;packet_size_byte=1500;lambda_mode=flow_per_pair_rate_mbps
159,698,663,10000,24587441438,24664443423,77001985,10000,YES,slot=245;src=698;dst=663;rate_mbps=0.005;flow_size_byte=10000;packet_lambda_per_s=None;packet_size_byte=1500;lambda_mode=flow_per_pair_rate_mbps
160,690,705,10000,24686288164,24719238130,32949966,10000,YES,slot=246;src=690;dst=705;rate_mbps=0.005;flow_size_byte=10000;packet_lambda_per_s=None;packet_size_byte=1500;lambda_mode=flow_per_pair_rate_mbps
161,712,680,10000,25145677977,25365577390,219899413,10000,YES,slot=251;src=712;dst=680;rate_mbps=0.005;flow_size_byte=10000;packet_lambda_per_s=None;packet_size_byte=1500;lambda_mode=flow_per_pair_rate_mbps
162,701,665,10000,25363395734,25552261962,188866228,10000,YES,slot=253;src=701;dst=665;rate_mbps=0.005;flow_size_byte=10000;packet_lambda_per_s=None;packet_size_byte=1500;lambda_mode=flow_per_pair_rate_mbps
163,679,718,10000,25621071397,25650800245,29728848,10000,YES,slot=256;src=679;dst=718;rate_mbps=0.005;flow_size_byte=10000;packet_lambda_per_s=None;packet_size_byte=1500;lambda_mode=flow_per_pair_rate_mbps
164,646,683,10000,26307711625,26560105350,252393725,10000,YES,slot=263;src=646;dst=683;rate_mbps=0.005;flow_size_byte=10000;packet_lambda_per_s=None;packet_size_byte=1500;lambda_mode=flow_per_pair_rate_mbps
165,720,645,10000,26579471067,26743717675,164246608,10000,YES,slot=265;src=720;dst=645;rate_mbps=0.005;flow_size_byte=10000;packet_lambda_per_s=None;packet_size_byte=1500;lambda_mode=flow_per_pair_rate_mbps
166,635,710,10000,26696341232,26724066177,27724945,10000,YES,slot=266;src=635;dst=710;rate_mbps=0.005;flow_size_byte=10000;packet_lambda_per_s=None;packet_size_byte=1500;lambda_mode=flow_per_pair_rate_mbps
167,661,685,10000,26797890814,26916724839,118834025,10000,YES,slot=267;src=661;dst=685;rate_mbps=0.005;flow_size_byte=10000;packet_lambda_per_s=None;packet_size_byte=1500;lambda_mode=flow_per_pair_rate_mbps
168,661,685,10000,26914519932,27033356292,118836360,10000,YES,slot=269;src=661;dst=685;rate_mbps=0.005;flow_size_byte=10000;packet_lambda_per_s=None;packet_size_byte=1500;lambda_mode=flow_per_pair_rate_mbps
169,664,703,10000,27166373705,27265331604,98957899,10000,YES,slot=271;src=664;dst=703;rate_mbps=0.005;flow_size_byte=10000;packet_lambda_per_s=None;packet_size_byte=1500;lambda_mode=flow_per_pair_rate_mbps
170,641,670,10000,27170040767,27251730049,81689282,10000,YES,slot=271;src=641;dst=670;rate_mbps=0.005;flow_size_byte=10000;packet_lambda_per_s=None;packet_size_byte=1500;lambda_mode=flow_per_pair_rate_mbps
171,663,698,10000,27184918597,27261878933,76960336,10000,YES,slot=271;src=663;dst=698;rate_mbps=0.005;flow_size_byte=10000;packet_lambda_per_s=None;packet_size_byte=1500;lambda_mode=flow_per_pair_rate_mbps
172,665,701,10000,27469747646,27658481702,188734056,10000,YES,slot=274;src=665;dst=701;rate_mbps=0.005;flow_size_byte=10000;packet_lambda_per_s=None;packet_size_byte=1500;lambda_mode=flow_per_pair_rate_mbps
173,664,703,10000,27696075732,27795010354,98934622,10000,YES,slot=276;src=664;dst=703;rate_mbps=0.005;flow_size_byte=10000;packet_lambda_per_s=None;packet_size_byte=1500;lambda_mode=flow_per_pair_rate_mbps
174,643,672,10000,27716716338,27866530486,149814148,10000,YES,slot=277;src=643;dst=672;rate_mbps=0.005;flow_size_byte=10000;packet_lambda_per_s=None;packet_size_byte=1500;lambda_mode=flow_per_pair_rate_mbps
175,648,713,10000,27756691803,27974063712,217371909,10000,YES,slot=277;src=648;dst=713;rate_mbps=0.005;flow_size_byte=10000;packet_lambda_per_s=None;packet_size_byte=1500;lambda_mode=flow_per_pair_rate_mbps
176,698,663,10000,28216628408,28293638995,77010587,10000,YES,slot=282;src=698;dst=663;rate_mbps=0.005;flow_size_byte=10000;packet_lambda_per_s=None;packet_size_byte=1500;lambda_mode=flow_per_pair_rate_mbps
177,636,721,10000,28279479516,28435885324,156405808,10000,YES,slot=282;src=636;dst=721;rate_mbps=0.005;flow_size_byte=10000;packet_lambda_per_s=None;packet_size_byte=1500;lambda_mode=flow_per_pair_rate_mbps
178,695,688,10000,28656841129,28714870311,58029182,10000,YES,slot=286;src=695;dst=688;rate_mbps=0.005;flow_size_byte=10000;packet_lambda_per_s=None;packet_size_byte=1500;lambda_mode=flow_per_pair_rate_mbps
179,704,700,10000,28936966872,29148054609,211087737,10000,YES,slot=289;src=704;dst=700;rate_mbps=0.005;flow_size_byte=10000;packet_lambda_per_s=None;packet_size_byte=1500;lambda_mode=flow_per_pair_rate_mbps
180,667,707,10000,29052250047,29276801600,224551553,10000,YES,slot=290;src=667;dst=707;rate_mbps=0.005;flow_size_byte=10000;packet_lambda_per_s=None;packet_size_byte=1500;lambda_mode=flow_per_pair_rate_mbps
181,678,647,10000,29512498206,29588289037,75790831,10000,YES,slot=295;src=678;dst=647;rate_mbps=0.005;flow_size_byte=10000;packet_lambda_per_s=None;packet_size_byte=1500;lambda_mode=flow_per_pair_rate_mbps
182,682,631,10000,29672887660,29904658626,231770966,10000,YES,slot=296;src=682;dst=631;rate_mbps=0.005;flow_size_byte=10000;packet_lambda_per_s=None;packet_size_byte=1500;lambda_mode=flow_per_pair_rate_mbps
183,720,645,10000,29675854801,29840167914,164313113,10000,YES,slot=296;src=720;dst=645;rate_mbps=0.005;flow_size_byte=10000;packet_lambda_per_s=None;packet_size_byte=1500;lambda_mode=flow_per_pair_rate_mbps
184,635,710,10000,29756792325,29784297939,27505614,10000,YES,slot=297;src=635;dst=710;rate_mbps=0.005;flow_size_byte=10000;packet_lambda_per_s=None;packet_size_byte=1500;lambda_mode=flow_per_pair_rate_mbps
185,634,628,10000,29928657689,30039108428,110450739,10000,YES,slot=299;src=634;dst=628;rate_mbps=0.005;flow_size_byte=10000;packet_lambda_per_s=None;packet_size_byte=1500;lambda_mode=flow_per_pair_rate_mbps
186,674,673,10000,29970605825,30209265385,238659560,10000,YES,slot=299;src=674;dst=673;rate_mbps=0.005;flow_size_byte=10000;packet_lambda_per_s=None;packet_size_byte=1500;lambda_mode=flow_per_pair_rate_mbps
187,645,720,10000,30007908504,30179113187,171204683,10000,YES,slot=300;src=645;dst=720;rate_mbps=0.005;flow_size_byte=10000;packet_lambda_per_s=None;packet_size_byte=1500;lambda_mode=flow_per_pair_rate_mbps
188,723,633,10000,30162803405,30344374123,181570718,10000,YES,slot=301;src=723;dst=633;rate_mbps=0.005;flow_size_byte=10000;packet_lambda_per_s=None;packet_size_byte=1500;lambda_mode=flow_per_pair_rate_mbps
189,704,700,10000,30227260152,30438290312,211030160,10000,YES,slot=302;src=704;dst=700;rate_mbps=0.005;flow_size_byte=10000;packet_lambda_per_s=None;packet_size_byte=1500;lambda_mode=flow_per_pair_rate_mbps
190,721,636,10000,30254057346,30410323864,156266518,10000,YES,slot=302;src=721;dst=636;rate_mbps=0.005;flow_size_byte=10000;packet_lambda_per_s=None;packet_size_byte=1500;lambda_mode=flow_per_pair_rate_mbps
191,651,689,10000,30267753207,30338908307,71155100,10000,YES,slot=302;src=651;dst=689;rate_mbps=0.005;flow_size_byte=10000;packet_lambda_per_s=None;packet_size_byte=1500;lambda_mode=flow_per_pair_rate_mbps
192,682,631,10000,30461334372,30693110361,231775989,10000,YES,slot=304;src=682;dst=631;rate_mbps=0.005;flow_size_byte=10000;packet_lambda_per_s=None;packet_size_byte=1500;lambda_mode=flow_per_pair_rate_mbps
193,686,693,10000,30462040816,30688424398,226383582,10000,YES,slot=304;src=686;dst=693;rate_mbps=0.005;flow_size_byte=10000;packet_lambda_per_s=None;packet_size_byte=1500;lambda_mode=flow_per_pair_rate_mbps
194,668,692,10000,30751877939,30805290921,53412982,10000,YES,slot=307;src=668;dst=692;rate_mbps=0.005;flow_size_byte=10000;packet_lambda_per_s=None;packet_size_byte=1500;lambda_mode=flow_per_pair_rate_mbps
195,670,641,10000,30810349759,30891988105,81638346,10000,YES,slot=308;src=670;dst=641;rate_mbps=0.005;flow_size_byte=10000;packet_lambda_per_s=None;packet_size_byte=1500;lambda_mode=flow_per_pair_rate_mbps
196,637,711,10000,30882357533,31118635526,236277993,10000,YES,slot=308;src=637;dst=711;rate_mbps=0.005;flow_size_byte=10000;packet_lambda_per_s=None;packet_size_byte=1500;lambda_mode=flow_per_pair_rate_mbps
197,706,722,10000,30911021520,31093534950,182513430,10000,YES,slot=309;src=706;dst=722;rate_mbps=0.005;flow_size_byte=10000;packet_lambda_per_s=None;packet_size_byte=1500;lambda_mode=flow_per_pair_rate_mbps
198,639,684,10000,30921537762,31120009599,198471837,10000,YES,slot=309;src=639;dst=684;rate_mbps=0.005;flow_size_byte=10000;packet_lambda_per_s=None;packet_size_byte=1500;lambda_mode=flow_per_pair_rate_mbps
199,658,649,10000,30941580702,31148237352,206656650,10000,YES,slot=309;src=658;dst=649;rate_mbps=0.005;flow_size_byte=10000;packet_lambda_per_s=None;packet_size_byte=1500;lambda_mode=flow_per_pair_rate_mbps
200,630,642,10000,31113403859,31402666816,289262957,10000,YES,slot=311;src=630;dst=642;rate_mbps=0.005;flow_size_byte=10000;packet_lambda_per_s=None;packet_size_byte=1500;lambda_mode=flow_per_pair_rate_mbps
201,639,684,10000,31374221589,31572651823,198430234,10000,YES,slot=313;src=639;dst=684;rate_mbps=0.005;flow_size_byte=10000;packet_lambda_per_s=None;packet_size_byte=1500;lambda_mode=flow_per_pair_rate_mbps
202,641,670,10000,31473231285,31554917111,81685826,10000,YES,slot=314;src=641;dst=670;rate_mbps=0.005;flow_size_byte=10000;packet_lambda_per_s=None;packet_size_byte=1500;lambda_mode=flow_per_pair_rate_mbps
203,690,705,10000,31698170536,31731035171,32864635,10000,YES,slot=316;src=690;dst=705;rate_mbps=0.005;flow_size_byte=10000;packet_lambda_per_s=None;packet_size_byte=1500;lambda_mode=flow_per_pair_rate_mbps
204,651,689,10000,31741920013,31813077989,71157976,10000,YES,slot=317;src=651;dst=689;rate_mbps=0.005;flow_size_byte=10000;packet_lambda_per_s=None;packet_size_byte=1500;lambda_mode=flow_per_pair_rate_mbps
205,666,691,10000,31921662818,32014618643,92955825,10000,YES,slot=319;src=666;dst=691;rate_mbps=0.005;flow_size_byte=10000;packet_lambda_per_s=None;packet_size_byte=1500;lambda_mode=flow_per_pair_rate_mbps
206,683,646,10000,31952005048,32203568004,251562956,10000,YES,slot=319;src=683;dst=646;rate_mbps=0.005;flow_size_byte=10000;packet_lambda_per_s=None;packet_size_byte=1500;lambda_mode=flow_per_pair_rate_mbps
207,706,722,10000,32041791107,32224312269,182521162,10000,YES,slot=320;src=706;dst=722;rate_mbps=0.005;flow_size_byte=10000;packet_lambda_per_s=None;packet_size_byte=1500;lambda_mode=flow_per_pair_rate_mbps
208,703,664,10000,32122070595,32220791112,98720517,10000,YES,slot=321;src=703;dst=664;rate_mbps=0.005;flow_size_byte=10000;packet_lambda_per_s=None;packet_size_byte=1500;lambda_mode=flow_per_pair_rate_mbps
209,704,700,10000,32208994557,32419940228,210945671,10000,YES,slot=322;src=704;dst=700;rate_mbps=0.005;flow_size_byte=10000;packet_lambda_per_s=None;packet_size_byte=1500;lambda_mode=flow_per_pair_rate_mbps
210,698,663,10000,32304808982,32383039024,78230042,10000,YES,slot=323;src=698;dst=663;rate_mbps=0.005;flow_size_byte=10000;packet_lambda_per_s=None;packet_size_byte=1500;lambda_mode=flow_per_pair_rate_mbps
211,688,695,10000,32791737071,32849536792,57799721,10000,YES,slot=327;src=688;dst=695;rate_mbps=0.005;flow_size_byte=10000;packet_lambda_per_s=None;packet_size_byte=1500;lambda_mode=flow_per_pair_rate_mbps
212,708,632,10000,32919325492,33216441542,297116050,10000,YES,slot=329;src=708;dst=632;rate_mbps=0.005;flow_size_byte=10000;packet_lambda_per_s=None;packet_size_byte=1500;lambda_mode=flow_per_pair_rate_mbps
213,651,689,10000,33042359175,33113521300,71162125,10000,YES,slot=330;src=651;dst=689;rate_mbps=0.005;flow_size_byte=10000;packet_lambda_per_s=None;packet_size_byte=1500;lambda_mode=flow_per_pair_rate_mbps
214,645,720,10000,33359284784,33523709217,164424433,10000,YES,slot=333;src=645;dst=720;rate_mbps=0.005;flow_size_byte=10000;packet_lambda_per_s=None;packet_size_byte=1500;lambda_mode=flow_per_pair_rate_mbps
215,680,712,10000,33369711206,33589511384,219800178,10000,YES,slot=333;src=680;dst=712;rate_mbps=0.005;flow_size_byte=10000;packet_lambda_per_s=None;packet_size_byte=1500;lambda_mode=flow_per_pair_rate_mbps
216,698,663,10000,33417135696,33495280377,78144681,10000,YES,slot=334;src=698;dst=663;rate_mbps=0.005;flow_size_byte=10000;packet_lambda_per_s=None;packet_size_byte=1500;lambda_mode=flow_per_pair_rate_mbps
217,644,687,10000,33419698697,33673499818,253801121,10000,YES,slot=334;src=644;dst=687;rate_mbps=0.005;flow_size_byte=10000;packet_lambda_per_s=None;packet_size_byte=1500;lambda_mode=flow_per_pair_rate_mbps
218,698,663,10000,33698807008,33776930927,78123919,10000,YES,slot=336;src=698;dst=663;rate_mbps=0.005;flow_size_byte=10000;packet_lambda_per_s=None;packet_size_byte=1500;lambda_mode=flow_per_pair_rate_mbps
219,682,631,10000,33739271767,33971077118,231805351,10000,YES,slot=337;src=682;dst=631;rate_mbps=0.005;flow_size_byte=10000;packet_lambda_per_s=None;packet_size_byte=1500;lambda_mode=flow_per_pair_rate_mbps
220,678,647,10000,33768868471,33844493111,75624640,10000,YES,slot=337;src=678;dst=647;rate_mbps=0.005;flow_size_byte=10000;packet_lambda_per_s=None;packet_size_byte=1500;lambda_mode=flow_per_pair_rate_mbps
221,717,675,10000,33904488909,33935696353,31207444,10000,YES,slot=339;src=717;dst=675;rate_mbps=0.005;flow_size_byte=10000;packet_lambda_per_s=None;packet_size_byte=1500;lambda_mode=flow_per_pair_rate_mbps
222,688,695,10000,33959706493,34017450235,57743742,10000,YES,slot=339;src=688;dst=695;rate_mbps=0.005;flow_size_byte=10000;packet_lambda_per_s=None;packet_size_byte=1500;lambda_mode=flow_per_pair_rate_mbps
223,647,678,10000,34419411625,34495012621,75600996,10000,YES,slot=344;src=647;dst=678;rate_mbps=0.005;flow_size_byte=10000;packet_lambda_per_s=None;packet_size_byte=1500;lambda_mode=flow_per_pair_rate_mbps
224,669,696,10000,34445448836,34749530712,304081876,10000,YES,slot=344;src=669;dst=696;rate_mbps=0.005;flow_size_byte=10000;packet_lambda_per_s=None;packet_size_byte=1500;lambda_mode=flow_per_pair_rate_mbps
225,715,677,10000,34490346186,34677012989,186666803,10000,YES,slot=344;src=715;dst=677;rate_mbps=0.005;flow_size_byte=10000;packet_lambda_per_s=None;packet_size_byte=1500;lambda_mode=flow_per_pair_rate_mbps
226,711,637,10000,34531269543,34767572784,236303241,10000,YES,slot=345;src=711;dst=637;rate_mbps=0.005;flow_size_byte=10000;packet_lambda_per_s=None;packet_size_byte=1500;lambda_mode=flow_per_pair_rate_mbps
227,636,721,10000,34970314049,35126269387,155955338,10000,YES,slot=349;src=636;dst=721;rate_mbps=0.005;flow_size_byte=10000;packet_lambda_per_s=None;packet_size_byte=1500;lambda_mode=flow_per_pair_rate_mbps
228,708,632,10000,35020288036,35317331634,297043598,10000,YES,slot=350;src=708;dst=632;rate_mbps=0.005;flow_size_byte=10000;packet_lambda_per_s=None;packet_size_byte=1500;lambda_mode=flow_per_pair_rate_mbps
229,633,723,10000,35023900308,35204970974,181070666,10000,YES,slot=350;src=633;dst=723;rate_mbps=0.005;flow_size_byte=10000;packet_lambda_per_s=None;packet_size_byte=1500;lambda_mode=flow_per_pair_rate_mbps
230,632,708,10000,35095722491,35407840981,312118490,10000,YES,slot=350;src=632;dst=708;rate_mbps=0.005;flow_size_byte=10000;packet_lambda_per_s=None;packet_size_byte=1500;lambda_mode=flow_per_pair_rate_mbps
231,694,714,10000,35270968781,35529997123,259028342,10000,YES,slot=352;src=694;dst=714;rate_mbps=0.005;flow_size_byte=10000;packet_lambda_per_s=None;packet_size_byte=1500;lambda_mode=flow_per_pair_rate_mbps
232,654,709,10000,35383837968,35538916600,155078632,10000,YES,slot=353;src=654;dst=709;rate_mbps=0.005;flow_size_byte=10000;packet_lambda_per_s=None;packet_size_byte=1500;lambda_mode=flow_per_pair_rate_mbps
233,685,661,10000,35670519825,35789678893,119159068,10000,YES,slot=356;src=685;dst=661;rate_mbps=0.005;flow_size_byte=10000;packet_lambda_per_s=None;packet_size_byte=1500;lambda_mode=flow_per_pair_rate_mbps
234,678,647,10000,35884281378,35959831496,75550118,10000,YES,slot=358;src=678;dst=647;rate_mbps=0.005;flow_size_byte=10000;packet_lambda_per_s=None;packet_size_byte=1500;lambda_mode=flow_per_pair_rate_mbps
235,651,689,10000,35946333871,36017510942,71177071,10000,YES,slot=359;src=651;dst=689;rate_mbps=0.005;flow_size_byte=10000;packet_lambda_per_s=None;packet_size_byte=1500;lambda_mode=flow_per_pair_rate_mbps
236,655,629,10000,35954949978,35986259548,31309570,10000,YES,slot=359;src=655;dst=629;rate_mbps=0.005;flow_size_byte=10000;packet_lambda_per_s=None;packet_size_byte=1500;lambda_mode=flow_per_pair_rate_mbps
237,638,652,10000,36025267983,36101736819,76468836,10000,YES,slot=360;src=638;dst=652;rate_mbps=0.005;flow_size_byte=10000;packet_lambda_per_s=None;packet_size_byte=1500;lambda_mode=flow_per_pair_rate_mbps
238,706,722,10000,36143919829,36326487720,182567891,10000,YES,slot=361;src=706;dst=722;rate_mbps=0.005;flow_size_byte=10000;packet_lambda_per_s=None;packet_size_byte=1500;lambda_mode=flow_per_pair_rate_mbps
239,632,708,10000,36288771157,36585774906,297003749,10000,YES,slot=362;src=632;dst=708;rate_mbps=0.005;flow_size_byte=10000;packet_lambda_per_s=None;packet_size_byte=1500;lambda_mode=flow_per_pair_rate_mbps
240,672,643,10000,36301078089,36450685918,149607829,10000,YES,slot=363;src=672;dst=643;rate_mbps=0.005;flow_size_byte=10000;packet_lambda_per_s=None;packet_size_byte=1500;lambda_mode=flow_per_pair_rate_mbps
241,676,699,10000,36525484974,36763234791,237749817,10000,YES,slot=365;src=676;dst=699;rate_mbps=0.005;flow_size_byte=10000;packet_lambda_per_s=None;packet_size_byte=1500;lambda_mode=flow_per_pair_rate_mbps
242,721,636,10000,36829398053,36985238246,155840193,10000,YES,slot=368;src=721;dst=636;rate_mbps=0.005;flow_size_byte=10000;packet_lambda_per_s=None;packet_size_byte=1500;lambda_mode=flow_per_pair_rate_mbps
243,697,653,10000,37023779124,37179033750,155254626,10000,YES,slot=370;src=697;dst=653;rate_mbps=0.005;flow_size_byte=10000;packet_lambda_per_s=None;packet_size_byte=1500;lambda_mode=flow_per_pair_rate_mbps
244,675,717,10000,37109783658,37140915514,31131856,10000,YES,slot=371;src=675;dst=717;rate_mbps=0.005;flow_size_byte=10000;packet_lambda_per_s=None;packet_size_byte=1500;lambda_mode=flow_per_pair_rate_mbps
245,642,630,10000,37483333748,37772644402,289310654,10000,YES,slot=374;src=642;dst=630;rate_mbps=0.005;flow_size_byte=10000;packet_lambda_per_s=None;packet_size_byte=1500;lambda_mode=flow_per_pair_rate_mbps
246,691,666,10000,37504450016,37607425068,102975052,10000,YES,slot=375;src=691;dst=666;rate_mbps=0.005;flow_size_byte=10000;packet_lambda_per_s=None;packet_size_byte=1500;lambda_mode=flow_per_pair_rate_mbps
247,709,654,10000,38117055564,38271892192,154836628,10000,YES,slot=381;src=709;dst=654;rate_mbps=0.005;flow_size_byte=10000;packet_lambda_per_s=None;packet_size_byte=1500;lambda_mode=flow_per_pair_rate_mbps
248,648,713,10000,38219761806,38436582919,216821113,10000,YES,slot=382;src=648;dst=713;rate_mbps=0.005;flow_size_byte=10000;packet_lambda_per_s=None;packet_size_byte=1500;lambda_mode=flow_per_pair_rate_mbps
249,634,628,10000,38343850281,38453945301,110095020,10000,YES,slot=383;src=634;dst=628;rate_mbps=0.005;flow_size_byte=10000;packet_lambda_per_s=None;packet_size_byte=1500;lambda_mode=flow_per_pair_rate_mbps
250,664,703,10000,38580774458,38679364147,98589689,10000,YES,slot=385;src=664;dst=703;rate_mbps=0.005;flow_size_byte=10000;packet_lambda_per_s=None;packet_size_byte=1500;lambda_mode=flow_per_pair_rate_mbps
251,634,628,10000,38676811124,38786894069,110082945,10000,YES,slot=386;src=634;dst=628;rate_mbps=0.005;flow_size_byte=10000;packet_lambda_per_s=None;packet_size_byte=1500;lambda_mode=flow_per_pair_rate_mbps
252,664,703,10000,38737439686,38836026222,98586536,10000,YES,slot=387;src=664;dst=703;rate_mbps=0.005;flow_size_byte=10000;packet_lambda_per_s=None;packet_size_byte=1500;lambda_mode=flow_per_pair_rate_mbps
253,647,678,10000,38777087459,38852544283,75456824,10000,YES,slot=387;src=647;dst=678;rate_mbps=0.005;flow_size_byte=10000;packet_lambda_per_s=None;packet_size_byte=1500;lambda_mode=flow_per_pair_rate_mbps
254,689,651,10000,38797058453,38868257492,71199039,10000,YES,slot=387;src=689;dst=651;rate_mbps=0.005;flow_size_byte=10000;packet_lambda_per_s=None;packet_size_byte=1500;lambda_mode=flow_per_pair_rate_mbps
255,659,626,10000,38986402405,39132722303,146319898,10000,YES,slot=389;src=659;dst=626;rate_mbps=0.005;flow_size_byte=10000;packet_lambda_per_s=None;packet_size_byte=1500;lambda_mode=flow_per_pair_rate_mbps
256,639,684,10000,39004212262,39202048781,197836519,10000,YES,slot=390;src=639;dst=684;rate_mbps=0.005;flow_size_byte=10000;packet_lambda_per_s=None;packet_size_byte=1500;lambda_mode=flow_per_pair_rate_mbps
257,669,696,10000,39517733987,39821325433,303591446,10000,YES,slot=395;src=669;dst=696;rate_mbps=0.005;flow_size_byte=10000;packet_lambda_per_s=None;packet_size_byte=1500;lambda_mode=flow_per_pair_rate_mbps
258,646,683,10000,39825135587,40075678557,250542970,10000,YES,slot=398;src=646;dst=683;rate_mbps=0.005;flow_size_byte=10000;packet_lambda_per_s=None;packet_size_byte=1500;lambda_mode=flow_per_pair_rate_mbps
259,695,688,10000,39848899931,39906421823,57521892,10000,YES,slot=398;src=695;dst=688;rate_mbps=0.005;flow_size_byte=10000;packet_lambda_per_s=None;packet_size_byte=1500;lambda_mode=flow_per_pair_rate_mbps
260,696,669,10000,40112876925,40416412716,303535791,10000,YES,slot=401;src=696;dst=669;rate_mbps=0.005;flow_size_byte=10000;packet_lambda_per_s=None;packet_size_byte=1500;lambda_mode=flow_per_pair_rate_mbps
261,689,651,10000,40193451675,40264664253,71212578,10000,YES,slot=401;src=689;dst=651;rate_mbps=0.005;flow_size_byte=10000;packet_lambda_per_s=None;packet_size_byte=1500;lambda_mode=flow_per_pair_rate_mbps
262,650,640,10000,40234767007,40306754033,71987026,10000,YES,slot=402;src=650;dst=640;rate_mbps=0.005;flow_size_byte=10000;packet_lambda_per_s=None;packet_size_byte=1500;lambda_mode=flow_per_pair_rate_mbps
263,644,687,10000,40329713511,40583376625,253663114,10000,YES,slot=403;src=644;dst=687;rate_mbps=0.005;flow_size_byte=10000;packet_lambda_per_s=None;packet_size_byte=1500;lambda_mode=flow_per_pair_rate_mbps
264,652,638,10000,40568588597,40644881941,76293344,10000,YES,slot=405;src=652;dst=638;rate_mbps=0.005;flow_size_byte=10000;packet_lambda_per_s=None;packet_size_byte=1500;lambda_mode=flow_per_pair_rate_mbps
265,653,697,10000,40599546725,40754966511,155419786,10000,YES,slot=405;src=653;dst=697;rate_mbps=0.005;flow_size_byte=10000;packet_lambda_per_s=None;packet_size_byte=1500;lambda_mode=flow_per_pair_rate_mbps
266,679,718,10000,40769578471,40798181262,28602791,10000,YES,slot=407;src=679;dst=718;rate_mbps=0.005;flow_size_byte=10000;packet_lambda_per_s=None;packet_size_byte=1500;lambda_mode=flow_per_pair_rate_mbps
267,701,665,10000,40909879077,41099574522,189695445,10000,YES,slot=409;src=701;dst=665;rate_mbps=0.005;flow_size_byte=10000;packet_lambda_per_s=None;packet_size_byte=1500;lambda_mode=flow_per_pair_rate_mbps
268,696,669,10000,41216092137,41519525490,303433353,10000,YES,slot=412;src=696;dst=669;rate_mbps=0.005;flow_size_byte=10000;packet_lambda_per_s=None;packet_size_byte=1500;lambda_mode=flow_per_pair_rate_mbps
269,715,677,10000,41224854462,41411782273,186927811,10000,YES,slot=412;src=715;dst=677;rate_mbps=0.005;flow_size_byte=10000;packet_lambda_per_s=None;packet_size_byte=1500;lambda_mode=flow_per_pair_rate_mbps
270,718,679,10000,41572844534,41601397505,28552971,10000,YES,slot=415;src=718;dst=679;rate_mbps=0.005;flow_size_byte=10000;packet_lambda_per_s=None;packet_size_byte=1500;lambda_mode=flow_per_pair_rate_mbps
271,724,681,10000,41599276869,41814185446,214908577,10000,YES,slot=415;src=724;dst=681;rate_mbps=0.005;flow_size_byte=10000;packet_lambda_per_s=None;packet_size_byte=1500;lambda_mode=flow_per_pair_rate_mbps
272,674,673,10000,41654923409,41880857601,225934192,10000,YES,slot=416;src=674;dst=673;rate_mbps=0.005;flow_size_byte=10000;packet_lambda_per_s=None;packet_size_byte=1500;lambda_mode=flow_per_pair_rate_mbps
273,653,697,10000,41784546363,41940026158,155479795,10000,YES,slot=417;src=653;dst=697;rate_mbps=0.005;flow_size_byte=10000;packet_lambda_per_s=None;packet_size_byte=1500;lambda_mode=flow_per_pair_rate_mbps
274,639,684,10000,41887222259,42084887396,197665137,10000,YES,slot=418;src=639;dst=684;rate_mbps=0.005;flow_size_byte=10000;packet_lambda_per_s=None;packet_size_byte=1500;lambda_mode=flow_per_pair_rate_mbps
275,628,634,10000,42216239752,42326203530,109963778,10000,YES,slot=422;src=628;dst=634;rate_mbps=0.005;flow_size_byte=10000;packet_lambda_per_s=None;packet_size_byte=1500;lambda_mode=flow_per_pair_rate_mbps
276,654,709,10000,42436555567,42591072187,154516620,10000,YES,slot=424;src=654;dst=709;rate_mbps=0.005;flow_size_byte=10000;packet_lambda_per_s=None;packet_size_byte=1500;lambda_mode=flow_per_pair_rate_mbps
277,629,655,10000,42439486311,42471490123,32003812,10000,YES,slot=424;src=629;dst=655;rate_mbps=0.005;flow_size_byte=10000;packet_lambda_per_s=None;packet_size_byte=1500;lambda_mode=flow_per_pair_rate_mbps
