0,712,680,10000,226703694,,slot=2;src=712;dst=680;rate_mbps=0.005;flow_size_byte=10000;packet_lambda_per_s=None;packet_size_byte=1500;lambda_mode=flow_per_pair_rate_mbps
1,703,664,10000,378087949,,slot=3;src=703;dst=664;rate_mbps=0.005;flow_size_byte=10000;packet_lambda_per_s=None;packet_size_byte=1500;lambda_mode=flow_per_pair_rate_mbps
2,665,701,10000,921442202,,slot=9;src=665;dst=701;rate_mbps=0.005;flow_size_byte=10000;packet_lambda_per_s=None;packet_size_byte=1500;lambda_mode=flow_per_pair_rate_mbps
3,641,670,10000,1288775791,,slot=12;src=641;dst=670;rate_mbps=0.005;flow_size_byte=10000;packet_lambda_per_s=None;packet_size_byte=1500;lambda_mode=flow_per_pair_rate_mbps
4,625,660,10000,1453893943,,slot=14;src=625;dst=660;rate_mbps=0.005;flow_size_byte=10000;packet_lambda_per_s=None;packet_size_byte=1500;lambda_mode=flow_per_pair_rate_mbps
5,634,628,10000,1560777427,,slot=15;src=634;dst=628;rate_mbps=0.005;flow_size_byte=10000;packet_lambda_per_s=None;packet_size_byte=1500;lambda_mode=flow_per_pair_rate_mbps
6,633,723,10000,1687370314,,slot=16;src=633;dst=723;rate_mbps=0.005;flow_size_byte=10000;packet_lambda_per_s=None;packet_size_byte=1500;lambda_mode=flow_per_pair_rate_mbps
7,684,639,10000,2054147526,,slot=20;src=684;dst=639;rate_mbps=0.005;flow_size_byte=10000;packet_lambda_per_s=None;packet_size_byte=1500;lambda_mode=flow_per_pair_rate_mbps
8,665,701,10000,2064546921,,slot=20;src=665;dst=701;rate_mbps=0.005;flow_size_byte=10000;packet_lambda_per_s=None;packet_size_byte=1500;lambda_mode=flow_per_pair_rate_mbps
9,717,675,10000,2365673360,,slot=23;src=717;dst=675;rate_mbps=0.005;flow_size_byte=10000;packet_lambda_per_s=None;packet_size_byte=1500;lambda_mode=flow_per_pair_rate_mbps
10,657,671,10000,2403319392,,slot=24;src=657;dst=671;rate_mbps=0.005;flow_size_byte=10000;packet_lambda_per_s=None;packet_size_byte=1500;lambda_mode=flow_per_pair_rate_mbps
11,625,660,10000,2471518539,,slot=24;src=625;dst=660;rate_mbps=0.005;flow_size_byte=10000;packet_lambda_per_s=None;packet_size_byte=1500;lambda_mode=flow_per_pair_rate_mbps
12,698,663,10000,2632587234,,slot=26;src=698;dst=663;rate_mbps=0.005;flow_size_byte=10000;packet_lambda_per_s=None;packet_size_byte=1500;lambda_mode=flow_per_pair_rate_mbps
13,722,706,10000,2725673680,,slot=27;src=722;dst=706;rate_mbps=0.005;flow_size_byte=10000;packet_lambda_per_s=None;packet_size_byte=1500;lambda_mode=flow_per_pair_rate_mbps
14,641,670,10000,2909107429,,slot=29;src=641;dst=670;rate_mbps=0.005;flow_size_byte=10000;packet_lambda_per_s=None;packet_size_byte=1500;lambda_mode=flow_per_pair_rate_mbps
15,648,713,10000,2950551420,,slot=29;src=648;dst=713;rate_mbps=0.005;flow_size_byte=10000;packet_lambda_per_s=None;packet_size_byte=1500;lambda_mode=flow_per_pair_rate_mbps
16,693,686,10000,3112738800,,slot=31;src=693;dst=686;rate_mbps=0.005;flow_size_byte=10000;packet_lambda_per_s=None;packet_size_byte=1500;lambda_mode=flow_per_pair_rate_mbps
17,666,691,10000,3203010206,,slot=32;src=666;dst=691;rate_mbps=0.005;flow_size_byte=10000;packet_lambda_per_s=None;packet_size_byte=1500;lambda_mode=flow_per_pair_rate_mbps
18,705,690,10000,3501705381,,slot=35;src=705;dst=690;rate_mbps=0.005;flow_size_byte=10000;packet_lambda_per_s=None;packet_size_byte=1500;lambda_mode=flow_per_pair_rate_mbps
19,629,655,10000,3866771031,,slot=38;src=629;dst=655;rate_mbps=0.005;flow_size_byte=10000;packet_lambda_per_s=None;packet_size_byte=1500;lambda_mode=flow_per_pair_rate_mbps
20,633,723,10000,3878154547,,slot=38;src=633;dst=723;rate_mbps=0.005;flow_size_byte=10000;packet_lambda_per_s=None;packet_size_byte=1500;lambda_mode=flow_per_pair_rate_mbps
21,626,659,10000,3899303267,,slot=38;src=626;dst=659;rate_mbps=0.005;flow_size_byte=10000;packet_lambda_per_s=None;packet_size_byte=1500;lambda_mode=flow_per_pair_rate_mbps
22,643,672,10000,4292219579,,slot=42;src=643;dst=672;rate_mbps=0.005;flow_size_byte=10000;packet_lambda_per_s=None;packet_size_byte=1500;lambda_mode=flow_per_pair_rate_mbps
23,655,629,10000,4355643515,,slot=43;src=655;dst=629;rate_mbps=0.005;flow_size_byte=10000;packet_lambda_per_s=None;packet_size_byte=1500;lambda_mode=flow_per_pair_rate_mbps
24,676,699,10000,4413560641,,slot=44;src=676;dst=699;rate_mbps=0.005;flow_size_byte=10000;packet_lambda_per_s=None;packet_size_byte=1500;lambda_mode=flow_per_pair_rate_mbps
25,722,706,10000,5160929287,,slot=51;src=722;dst=706;rate_mbps=0.005;flow_size_byte=10000;packet_lambda_per_s=None;packet_size_byte=1500;lambda_mode=flow_per_pair_rate_mbps
26,680,712,10000,5193228328,,slot=51;src=680;dst=712;rate_mbps=0.005;flow_size_byte=10000;packet_lambda_per_s=None;packet_size_byte=1500;lambda_mode=flow_per_pair_rate_mbps
27,716,662,10000,5307354259,,slot=53;src=716;dst=662;rate_mbps=0.005;flow_size_byte=10000;packet_lambda_per_s=None;packet_size_byte=1500;lambda_mode=flow_per_pair_rate_mbps
28,635,710,10000,5353724768,,slot=53;src=635;dst=710;rate_mbps=0.005;flow_size_byte=10000;packet_lambda_per_s=None;packet_size_byte=1500;lambda_mode=flow_per_pair_rate_mbps
29,654,709,10000,5525898842,,slot=55;src=654;dst=709;rate_mbps=0.005;flow_size_byte=10000;packet_lambda_per_s=None;packet_size_byte=1500;lambda_mode=flow_per_pair_rate_mbps
30,715,677,10000,5600773671,,slot=56;src=715;dst=677;rate_mbps=0.005;flow_size_byte=10000;packet_lambda_per_s=None;packet_size_byte=1500;lambda_mode=flow_per_pair_rate_mbps
31,696,669,10000,6053548469,,slot=60;src=696;dst=669;rate_mbps=0.005;flow_size_byte=10000;packet_lambda_per_s=None;packet_size_byte=1500;lambda_mode=flow_per_pair_rate_mbps
32,721,636,10000,6086673919,,slot=60;src=721;dst=636;rate_mbps=0.005;flow_size_byte=10000;packet_lambda_per_s=None;packet_size_byte=1500;lambda_mode=flow_per_pair_rate_mbps
33,710,635,10000,6233807005,,slot=62;src=710;dst=635;rate_mbps=0.005;flow_size_byte=10000;packet_lambda_per_s=None;packet_size_byte=1500;lambda_mode=flow_per_pair_rate_mbps
34,655,629,10000,6416822157,,slot=64;src=655;dst=629;rate_mbps=0.005;flow_size_byte=10000;packet_lambda_per_s=None;packet_size_byte=1500;lambda_mode=flow_per_pair_rate_mbps
35,704,700,10000,6561963063,,slot=65;src=704;dst=700;rate_mbps=0.005;flow_size_byte=10000;packet_lambda_per_s=None;packet_size_byte=1500;lambda_mode=flow_per_pair_rate_mbps
36,644,687,10000,7348568628,,slot=73;src=644;dst=687;rate_mbps=0.005;flow_size_byte=10000;packet_lambda_per_s=None;packet_size_byte=1500;lambda_mode=flow_per_pair_rate_mbps
37,657,671,10000,7622580530,,slot=76;src=657;dst=671;rate_mbps=0.005;flow_size_byte=10000;packet_lambda_per_s=None;packet_size_byte=1500;lambda_mode=flow_per_pair_rate_mbps
38,651,689,10000,7792384323,,slot=77;src=651;dst=689;rate_mbps=0.005;flow_size_byte=10000;packet_lambda_per_s=None;packet_size_byte=1500;lambda_mode=flow_per_pair_rate_mbps
39,674,673,10000,7865629039,,slot=78;src=674;dst=673;rate_mbps=0.005;flow_size_byte=10000;packet_lambda_per_s=None;packet_size_byte=1500;lambda_mode=flow_per_pair_rate_mbps
40,690,705,10000,8034175419,,slot=80;src=690;dst=705;rate_mbps=0.005;flow_size_byte=10000;packet_lambda_per_s=None;packet_size_byte=1500;lambda_mode=flow_per_pair_rate_mbps
41,657,671,10000,8176704288,,slot=81;src=657;dst=671;rate_mbps=0.005;flow_size_byte=10000;packet_lambda_per_s=None;packet_size_byte=1500;lambda_mode=flow_per_pair_rate_mbps
42,687,644,10000,8410166128,,slot=84;src=687;dst=644;rate_mbps=0.005;flow_size_byte=10000;packet_lambda_per_s=None;packet_size_byte=1500;lambda_mode=flow_per_pair_rate_mbps
43,718,679,10000,8480884905,,slot=84;src=718;dst=679;rate_mbps=0.005;flow_size_byte=10000;packet_lambda_per_s=None;packet_size_byte=1500;lambda_mode=flow_per_pair_rate_mbps
44,710,635,10000,8507169896,,slot=85;src=710;dst=635;rate_mbps=0.005;flow_size_byte=10000;packet_lambda_per_s=None;packet_size_byte=1500;lambda_mode=flow_per_pair_rate_mbps
45,718,679,10000,8534272675,,slot=85;src=718;dst=679;rate_mbps=0.005;flow_size_byte=10000;packet_lambda_per_s=None;packet_size_byte=1500;lambda_mode=flow_per_pair_rate_mbps
46,677,715,10000,8698389138,,slot=86;src=677;dst=715;rate_mbps=0.005;flow_size_byte=10000;packet_lambda_per_s=None;packet_size_byte=1500;lambda_mode=flow_per_pair_rate_mbps
47,676,699,10000,8743665548,,slot=87;src=676;dst=699;rate_mbps=0.005;flow_size_byte=10000;packet_lambda_per_s=None;packet_size_byte=1500;lambda_mode=flow_per_pair_rate_mbps
48,708,632,10000,8897029423,,slot=88;src=708;dst=632;rate_mbps=0.005;flow_size_byte=10000;packet_lambda_per_s=None;packet_size_byte=1500;lambda_mode=flow_per_pair_rate_mbps
49,645,720,10000,9060120220,,slot=90;src=645;dst=720;rate_mbps=0.005;flow_size_byte=10000;packet_lambda_per_s=None;packet_size_byte=1500;lambda_mode=flow_per_pair_rate_mbps
50,688,695,10000,9441735388,,slot=94;src=688;dst=695;rate_mbps=0.005;flow_size_byte=10000;packet_lambda_per_s=None;packet_size_byte=1500;lambda_mode=flow_per_pair_rate_mbps
51,687,644,10000,9443560705,,slot=94;src=687;dst=644;rate_mbps=0.005;flow_size_byte=10000;packet_lambda_per_s=None;packet_size_byte=1500;lambda_mode=flow_per_pair_rate_mbps
52,696,669,10000,9916917321,,slot=99;src=696;dst=669;rate_mbps=0.005;flow_size_byte=10000;packet_lambda_per_s=None;packet_size_byte=1500;lambda_mode=flow_per_pair_rate_mbps
53,712,680,10000,10152237014,,slot=101;src=712;dst=680;rate_mbps=0.005;flow_size_byte=10000;packet_lambda_per_s=None;packet_size_byte=1500;lambda_mode=flow_per_pair_rate_mbps
54,685,661,10000,10290989768,,slot=102;src=685;dst=661;rate_mbps=0.005;flow_size_byte=10000;packet_lambda_per_s=None;packet_size_byte=1500;lambda_mode=flow_per_pair_rate_mbps
55,668,692,10000,10445702698,,slot=104;src=668;dst=692;rate_mbps=0.005;flow_size_byte=10000;packet_lambda_per_s=None;packet_size_byte=1500;lambda_mode=flow_per_pair_rate_mbps
56,658,649,10000,10768600550,,slot=107;src=658;dst=649;rate_mbps=0.005;flow_size_byte=10000;packet_lambda_per_s=None;packet_size_byte=1500;lambda_mode=flow_per_pair_rate_mbps
57,660,625,10000,11102109704,,slot=111;src=660;dst=625;rate_mbps=0.005;flow_size_byte=10000;packet_lambda_per_s=None;packet_size_byte=1500;lambda_mode=flow_per_pair_rate_mbps
58,705,690,10000,11127517942,,slot=111;src=705;dst=690;rate_mbps=0.005;flow_size_byte=10000;packet_lambda_per_s=None;packet_size_byte=1500;lambda_mode=flow_per_pair_rate_mbps
59,675,717,10000,11474635381,,slot=114;src=675;dst=717;rate_mbps=0.005;flow_size_byte=10000;packet_lambda_per_s=None;packet_size_byte=1500;lambda_mode=flow_per_pair_rate_mbps
60,658,649,10000,11793691352,,slot=117;src=658;dst=649;rate_mbps=0.005;flow_size_byte=10000;packet_lambda_per_s=None;packet_size_byte=1500;lambda_mode=flow_per_pair_rate_mbps
61,719,627,10000,12054057011,,slot=120;src=719;dst=627;rate_mbps=0.005;flow_size_byte=10000;packet_lambda_per_s=None;packet_size_byte=1500;lambda_mode=flow_per_pair_rate_mbps
62,713,648,10000,12082125331,,slot=120;src=713;dst=648;rate_mbps=0.005;flow_size_byte=10000;packet_lambda_per_s=None;packet_size_byte=1500;lambda_mode=flow_per_pair_rate_mbps
63,635,710,10000,12187013072,,slot=121;src=635;dst=710;rate_mbps=0.005;flow_size_byte=10000;packet_lambda_per_s=None;packet_size_byte=1500;lambda_mode=flow_per_pair_rate_mbps
64,669,696,10000,12189017576,,slot=121;src=669;dst=696;rate_mbps=0.005;flow_size_byte=10000;packet_lambda_per_s=None;packet_size_byte=1500;lambda_mode=flow_per_pair_rate_mbps
65,633,723,10000,12269797732,,slot=122;src=633;dst=723;rate_mbps=0.005;flow_size_byte=10000;packet_lambda_per_s=None;packet_size_byte=1500;lambda_mode=flow_per_pair_rate_mbps
66,651,689,10000,12284358313,,slot=122;src=651;dst=689;rate_mbps=0.005;flow_size_byte=10000;packet_lambda_per_s=None;packet_size_byte=1500;lambda_mode=flow_per_pair_rate_mbps
67,694,714,10000,12616693373,,slot=126;src=694;dst=714;rate_mbps=0.005;flow_size_byte=10000;packet_lambda_per_s=None;packet_size_byte=1500;lambda_mode=flow_per_pair_rate_mbps
68,685,661,10000,12740825138,,slot=127;src=685;dst=661;rate_mbps=0.005;flow_size_byte=10000;packet_lambda_per_s=None;packet_size_byte=1500;lambda_mode=flow_per_pair_rate_mbps
69,681,724,10000,13001837430,,slot=130;src=681;dst=724;rate_mbps=0.005;flow_size_byte=10000;packet_lambda_per_s=None;packet_size_byte=1500;lambda_mode=flow_per_pair_rate_mbps
70,719,627,10000,13063219042,,slot=130;src=719;dst=627;rate_mbps=0.005;flow_size_byte=10000;packet_lambda_per_s=None;packet_size_byte=1500;lambda_mode=flow_per_pair_rate_mbps
71,634,628,10000,13131217188,,slot=131;src=634;dst=628;rate_mbps=0.005;flow_size_byte=10000;packet_lambda_per_s=None;packet_size_byte=1500;lambda_mode=flow_per_pair_rate_mbps
72,684,639,10000,13932926349,,slot=139;src=684;dst=639;rate_mbps=0.005;flow_size_byte=10000;packet_lambda_per_s=None;packet_size_byte=1500;lambda_mode=flow_per_pair_rate_mbps
73,638,652,10000,14167110595,,slot=141;src=638;dst=652;rate_mbps=0.005;flow_size_byte=10000;packet_lambda_per_s=None;packet_size_byte=1500;lambda_mode=flow_per_pair_rate_mbps
74,649,658,10000,14172675572,,slot=141;src=649;dst=658;rate_mbps=0.005;flow_size_byte=10000;packet_lambda_per_s=None;packet_size_byte=1500;lambda_mode=flow_per_pair_rate_mbps
75,700,704,10000,14264534349,,slot=142;src=700;dst=704;rate_mbps=0.005;flow_size_byte=10000;packet_lambda_per_s=None;packet_size_byte=1500;lambda_mode=flow_per_pair_rate_mbps
76,713,648,10000,14368441088,,slot=143;src=713;dst=648;rate_mbps=0.005;flow_size_byte=10000;packet_lambda_per_s=None;packet_size_byte=1500;lambda_mode=flow_per_pair_rate_mbps
77,692,668,10000,14435692043,,slot=144;src=692;dst=668;rate_mbps=0.005;flow_size_byte=10000;packet_lambda_per_s=None;packet_size_byte=1500;lambda_mode=flow_per_pair_rate_mbps
78,642,630,10000,14519879110,,slot=145;src=642;dst=630;rate_mbps=0.005;flow_size_byte=10000;packet_lambda_per_s=None;packet_size_byte=1500;lambda_mode=flow_per_pair_rate_mbps
79,723,633,10000,14578844926,,slot=145;src=723;dst=633;rate_mbps=0.005;flow_size_byte=10000;packet_lambda_per_s=None;packet_size_byte=1500;lambda_mode=flow_per_pair_rate_mbps
80,629,655,10000,14580615552,,slot=145;src=629;dst=655;rate_mbps=0.005;flow_size_byte=10000;packet_lambda_per_s=None;packet_size_byte=1500;lambda_mode=flow_per_pair_rate_mbps
81,682,631,10000,14651735542,,slot=146;src=682;dst=631;rate_mbps=0.005;flow_size_byte=10000;packet_lambda_per_s=None;packet_size_byte=1500;lambda_mode=flow_per_pair_rate_mbps
82,673,674,10000,14759968525,,slot=147;src=673;dst=674;rate_mbps=0.005;flow_size_byte=10000;packet_lambda_per_s=None;packet_size_byte=1500;lambda_mode=flow_per_pair_rate_mbps
83,718,679,10000,14931439650,,slot=149;src=718;dst=679;rate_mbps=0.005;flow_size_byte=10000;packet_lambda_per_s=None;packet_size_byte=1500;lambda_mode=flow_per_pair_rate_mbps
84,669,696,10000,15013173632,,slot=150;src=669;dst=696;rate_mbps=0.005;flow_size_byte=10000;packet_lambda_per_s=None;packet_size_byte=1500;lambda_mode=flow_per_pair_rate_mbps
85,656,702,10000,15366461374,,slot=153;src=656;dst=702;rate_mbps=0.005;flow_size_byte=10000;packet_lambda_per_s=None;packet_size_byte=1500;lambda_mode=flow_per_pair_rate_mbps
86,722,706,10000,15404205556,,slot=154;src=722;dst=706;rate_mbps=0.005;flow_size_byte=10000;packet_lambda_per_s=None;packet_size_byte=1500;lambda_mode=flow_per_pair_rate_mbps
87,696,669,10000,15414467233,,slot=154;src=696;dst=669;rate_mbps=0.005;flow_size_byte=10000;packet_lambda_per_s=None;packet_size_byte=1500;lambda_mode=flow_per_pair_rate_mbps
88,673,674,10000,15416327380,,slot=154;src=673;dst=674;rate_mbps=0.005;flow_size_byte=10000;packet_lambda_per_s=None;packet_size_byte=1500;lambda_mode=flow_per_pair_rate_mbps
89,705,690,10000,15819874643,,slot=158;src=705;dst=690;rate_mbps=0.005;flow_size_byte=10000;packet_lambda_per_s=None;packet_size_byte=1500;lambda_mode=flow_per_pair_rate_mbps
90,629,655,10000,15867844030,,slot=158;src=629;dst=655;rate_mbps=0.005;flow_size_byte=10000;packet_lambda_per_s=None;packet_size_byte=1500;lambda_mode=flow_per_pair_rate_mbps
91,722,706,10000,16041848077,,slot=160;src=722;dst=706;rate_mbps=0.005;flow_size_byte=10000;packet_lambda_per_s=None;packet_size_byte=1500;lambda_mode=flow_per_pair_rate_mbps
92,675,717,10000,16124381917,,slot=161;src=675;dst=717;rate_mbps=0.005;flow_size_byte=10000;packet_lambda_per_s=None;packet_size_byte=1500;lambda_mode=flow_per_pair_rate_mbps
93,656,702,10000,16133848275,,slot=161;src=656;dst=702;rate_mbps=0.005;flow_size_byte=10000;packet_lambda_per_s=None;packet_size_byte=1500;lambda_mode=flow_per_pair_rate_mbps
94,629,655,10000,16276077455,,slot=162;src=629;dst=655;rate_mbps=0.005;flow_size_byte=10000;packet_lambda_per_s=None;packet_size_byte=1500;lambda_mode=flow_per_pair_rate_mbps
95,705,690,10000,16454013297,,slot=164;src=705;dst=690;rate_mbps=0.005;flow_size_byte=10000;packet_lambda_per_s=None;packet_size_byte=1500;lambda_mode=flow_per_pair_rate_mbps
96,672,643,10000,16847946117,,slot=168;src=672;dst=643;rate_mbps=0.005;flow_size_byte=10000;packet_lambda_per_s=None;packet_size_byte=1500;lambda_mode=flow_per_pair_rate_mbps
97,667,707,10000,16848026579,,slot=168;src=667;dst=707;rate_mbps=0.005;flow_size_byte=10000;packet_lambda_per_s=None;packet_size_byte=1500;lambda_mode=flow_per_pair_rate_mbps
98,628,634,10000,17121391743,,slot=171;src=628;dst=634;rate_mbps=0.005;flow_size_byte=10000;packet_lambda_per_s=None;packet_size_byte=1500;lambda_mode=flow_per_pair_rate_mbps
99,697,653,10000,17180488363,,slot=171;src=697;dst=653;rate_mbps=0.005;flow_size_byte=10000;packet_lambda_per_s=None;packet_size_byte=1500;lambda_mode=flow_per_pair_rate_mbps
100,673,674,10000,17206877543,,slot=172;src=673;dst=674;rate_mbps=0.005;flow_size_byte=10000;packet_lambda_per_s=None;packet_size_byte=1500;lambda_mode=flow_per_pair_rate_mbps
101,692,668,10000,17253722196,,slot=172;src=692;dst=668;rate_mbps=0.005;flow_size_byte=10000;packet_lambda_per_s=None;packet_size_byte=1500;lambda_mode=flow_per_pair_rate_mbps
102,711,637,10000,17300134783,,slot=173;src=711;dst=637;rate_mbps=0.005;flow_size_byte=10000;packet_lambda_per_s=None;packet_size_byte=1500;lambda_mode=flow_per_pair_rate_mbps
103,719,627,10000,17581966256,,slot=175;src=719;dst=627;rate_mbps=0.005;flow_size_byte=10000;packet_lambda_per_s=None;packet_size_byte=1500;lambda_mode=flow_per_pair_rate_mbps
104,686,693,10000,17688146456,,slot=176;src=686;dst=693;rate_mbps=0.005;flow_size_byte=10000;packet_lambda_per_s=None;packet_size_byte=1500;lambda_mode=flow_per_pair_rate_mbps
105,669,696,10000,17878001390,,slot=178;src=669;dst=696;rate_mbps=0.005;flow_size_byte=10000;packet_lambda_per_s=None;packet_size_byte=1500;lambda_mode=flow_per_pair_rate_mbps
106,679,718,10000,17892581203,,slot=178;src=679;dst=718;rate_mbps=0.005;flow_size_byte=10000;packet_lambda_per_s=None;packet_size_byte=1500;lambda_mode=flow_per_pair_rate_mbps
107,682,631,10000,17939045522,,slot=179;src=682;dst=631;rate_mbps=0.005;flow_size_byte=10000;packet_lambda_per_s=None;packet_size_byte=1500;lambda_mode=flow_per_pair_rate_mbps
108,670,641,10000,18024895543,,slot=180;src=670;dst=641;rate_mbps=0.005;flow_size_byte=10000;packet_lambda_per_s=None;packet_size_byte=1500;lambda_mode=flow_per_pair_rate_mbps
109,631,682,10000,18042602291,,slot=180;src=631;dst=682;rate_mbps=0.005;flow_size_byte=10000;packet_lambda_per_s=None;packet_size_byte=1500;lambda_mode=flow_per_pair_rate_mbps
110,672,643,10000,18137487480,,slot=181;src=672;dst=643;rate_mbps=0.005;flow_size_byte=10000;packet_lambda_per_s=None;packet_size_byte=1500;lambda_mode=flow_per_pair_rate_mbps
111,658,649,10000,18623157018,,slot=186;src=658;dst=649;rate_mbps=0.005;flow_size_byte=10000;packet_lambda_per_s=None;packet_size_byte=1500;lambda_mode=flow_per_pair_rate_mbps
112,634,628,10000,18678610667,,slot=186;src=634;dst=628;rate_mbps=0.005;flow_size_byte=10000;packet_lambda_per_s=None;packet_size_byte=1500;lambda_mode=flow_per_pair_rate_mbps
113,677,715,10000,18789606374,,slot=187;src=677;dst=715;rate_mbps=0.005;flow_size_byte=10000;packet_lambda_per_s=None;packet_size_byte=1500;lambda_mode=flow_per_pair_rate_mbps
114,721,636,10000,18849978497,,slot=188;src=721;dst=636;rate_mbps=0.005;flow_size_byte=10000;packet_lambda_per_s=None;packet_size_byte=1500;lambda_mode=flow_per_pair_rate_mbps
115,648,713,10000,18978049786,,slot=189;src=648;dst=713;rate_mbps=0.005;flow_size_byte=10000;packet_lambda_per_s=None;packet_size_byte=1500;lambda_mode=flow_per_pair_rate_mbps
116,684,639,10000,19119786437,,slot=191;src=684;dst=639;rate_mbps=0.005;flow_size_byte=10000;packet_lambda_per_s=None;packet_size_byte=1500;lambda_mode=flow_per_pair_rate_mbps
117,676,699,10000,19324574438,,slot=193;src=676;dst=699;rate_mbps=0.005;flow_size_byte=10000;packet_lambda_per_s=None;packet_size_byte=1500;lambda_mode=flow_per_pair_rate_mbps
118,628,634,10000,19378008080,,slot=193;src=628;dst=634;rate_mbps=0.005;flow_size_byte=10000;packet_lambda_per_s=None;packet_size_byte=1500;lambda_mode=flow_per_pair_rate_mbps
119,650,640,10000,19495172478,,slot=194;src=650;dst=640;rate_mbps=0.005;flow_size_byte=10000;packet_lambda_per_s=None;packet_size_byte=1500;lambda_mode=flow_per_pair_rate_mbps
120,628,634,10000,19532926662,,slot=195;src=628;dst=634;rate_mbps=0.005;flow_size_byte=10000;packet_lambda_per_s=None;packet_size_byte=1500;lambda_mode=flow_per_pair_rate_mbps
121,655,629,10000,19816521245,,slot=198;src=655;dst=629;rate_mbps=0.005;flow_size_byte=10000;packet_lambda_per_s=None;packet_size_byte=1500;lambda_mode=flow_per_pair_rate_mbps
122,641,670,10000,19859641628,,slot=198;src=641;dst=670;rate_mbps=0.005;flow_size_byte=10000;packet_lambda_per_s=None;packet_size_byte=1500;lambda_mode=flow_per_pair_rate_mbps
123,626,659,10000,19901521633,,slot=199;src=626;dst=659;rate_mbps=0.005;flow_size_byte=10000;packet_lambda_per_s=None;packet_size_byte=1500;lambda_mode=flow_per_pair_rate_mbps
124,716,662,10000,19931406900,,slot=199;src=716;dst=662;rate_mbps=0.005;flow_size_byte=10000;packet_lambda_per_s=None;packet_size_byte=1500;lambda_mode=flow_per_pair_rate_mbps
125,716,662,10000,20014441261,,slot=200;src=716;dst=662;rate_mbps=0.005;flow_size_byte=10000;packet_lambda_per_s=None;packet_size_byte=1500;lambda_mode=flow_per_pair_rate_mbps
126,714,694,10000,20150889703,,slot=201;src=714;dst=694;rate_mbps=0.005;flow_size_byte=10000;packet_lambda_per_s=None;packet_size_byte=1500;lambda_mode=flow_per_pair_rate_mbps
127,657,671,10000,20475303147,,slot=204;src=657;dst=671;rate_mbps=0.005;flow_size_byte=10000;packet_lambda_per_s=None;packet_size_byte=1500;lambda_mode=flow_per_pair_rate_mbps
128,655,629,10000,20530546657,,slot=205;src=655;dst=629;rate_mbps=0.005;flow_size_byte=10000;packet_lambda_per_s=None;packet_size_byte=1500;lambda_mode=flow_per_pair_rate_mbps
129,625,660,10000,20557981616,,slot=205;src=625;dst=660;rate_mbps=0.005;flow_size_byte=10000;packet_lambda_per_s=None;packet_size_byte=1500;lambda_mode=flow_per_pair_rate_mbps
130,633,723,10000,20814298331,,slot=208;src=633;dst=723;rate_mbps=0.005;flow_size_byte=10000;packet_lambda_per_s=None;packet_size_byte=1500;lambda_mode=flow_per_pair_rate_mbps
131,669,696,10000,20871066274,,slot=208;src=669;dst=696;rate_mbps=0.005;flow_size_byte=10000;packet_lambda_per_s=None;packet_size_byte=1500;lambda_mode=flow_per_pair_rate_mbps
132,665,701,10000,20938761987,,slot=209;src=665;dst=701;rate_mbps=0.005;flow_size_byte=10000;packet_lambda_per_s=None;packet_size_byte=1500;lambda_mode=flow_per_pair_rate_mbps
133,693,686,10000,21172760958,,slot=211;src=693;dst=686;rate_mbps=0.005;flow_size_byte=10000;packet_lambda_per_s=None;packet_size_byte=1500;lambda_mode=flow_per_pair_rate_mbps
134,636,721,10000,21237810310,,slot=212;src=636;dst=721;rate_mbps=0.005;flow_size_byte=10000;packet_lambda_per_s=None;packet_size_byte=1500;lambda_mode=flow_per_pair_rate_mbps
135,643,672,10000,21290869779,,slot=212;src=643;dst=672;rate_mbps=0.005;flow_size_byte=10000;packet_lambda_per_s=None;packet_size_byte=1500;lambda_mode=flow_per_pair_rate_mbps
136,653,697,10000,21341149622,,slot=213;src=653;dst=697;rate_mbps=0.005;flow_size_byte=10000;packet_lambda_per_s=None;packet_size_byte=1500;lambda_mode=flow_per_pair_rate_mbps
137,651,689,10000,21390110533,,slot=213;src=651;dst=689;rate_mbps=0.005;flow_size_byte=10000;packet_lambda_per_s=None;packet_size_byte=1500;lambda_mode=flow_per_pair_rate_mbps
138,712,680,10000,21488569782,,slot=214;src=712;dst=680;rate_mbps=0.005;flow_size_byte=10000;packet_lambda_per_s=None;packet_size_byte=1500;lambda_mode=flow_per_pair_rate_mbps
139,635,710,10000,21703044252,,slot=217;src=635;dst=710;rate_mbps=0.005;flow_size_byte=10000;packet_lambda_per_s=None;packet_size_byte=1500;lambda_mode=flow_per_pair_rate_mbps
140,710,635,10000,21856594853,,slot=218;src=710;dst=635;rate_mbps=0.005;flow_size_byte=10000;packet_lambda_per_s=None;packet_size_byte=1500;lambda_mode=flow_per_pair_rate_mbps
141,633,723,10000,22069731216,,slot=220;src=633;dst=723;rate_mbps=0.005;flow_size_byte=10000;packet_lambda_per_s=None;packet_size_byte=1500;lambda_mode=flow_per_pair_rate_mbps
142,669,696,10000,22317043079,,slot=223;src=669;dst=696;rate_mbps=0.005;flow_size_byte=10000;packet_lambda_per_s=None;packet_size_byte=1500;lambda_mode=flow_per_pair_rate_mbps
143,664,703,10000,22645514032,,slot=226;src=664;dst=703;rate_mbps=0.005;flow_size_byte=10000;packet_lambda_per_s=None;packet_size_byte=1500;lambda_mode=flow_per_pair_rate_mbps
144,698,663,10000,22651757621,,slot=226;src=698;dst=663;rate_mbps=0.005;flow_size_byte=10000;packet_lambda_per_s=None;packet_size_byte=1500;lambda_mode=flow_per_pair_rate_mbps
145,642,630,10000,22730336563,,slot=227;src=642;dst=630;rate_mbps=0.005;flow_size_byte=10000;packet_lambda_per_s=None;packet_size_byte=1500;lambda_mode=flow_per_pair_rate_mbps
146,629,655,10000,22765218119,,slot=227;src=629;dst=655;rate_mbps=0.005;flow_size_byte=10000;packet_lambda_per_s=None;packet_size_byte=1500;lambda_mode=flow_per_pair_rate_mbps
147,705,690,10000,23044491909,,slot=230;src=705;dst=690;rate_mbps=0.005;flow_size_byte=10000;packet_lambda_per_s=None;packet_size_byte=1500;lambda_mode=flow_per_pair_rate_mbps
148,709,654,10000,23201217553,,slot=232;src=709;dst=654;rate_mbps=0.005;flow_size_byte=10000;packet_lambda_per_s=None;packet_size_byte=1500;lambda_mode=flow_per_pair_rate_mbps
149,634,628,10000,23255130554,,slot=232;src=634;dst=628;rate_mbps=0.005;flow_size_byte=10000;packet_lambda_per_s=None;packet_size_byte=1500;lambda_mode=flow_per_pair_rate_mbps
150,649,658,10000,23351974838,,slot=233;src=649;dst=658;rate_mbps=0.005;flow_size_byte=10000;packet_lambda_per_s=None;packet_size_byte=1500;lambda_mode=flow_per_pair_rate_mbps
151,630,642,10000,23521995867,,slot=235;src=630;dst=642;rate_mbps=0.005;flow_size_byte=10000;packet_lambda_per_s=None;packet_size_byte=1500;lambda_mode=flow_per_pair_rate_mbps
152,718,679,10000,23710860038,,slot=237;src=718;dst=679;rate_mbps=0.005;flow_size_byte=10000;packet_lambda_per_s=None;packet_size_byte=1500;lambda_mode=flow_per_pair_rate_mbps
153,705,690,10000,23737958887,,slot=237;src=705;dst=690;rate_mbps=0.005;flow_size_byte=10000;packet_lambda_per_s=None;packet_size_byte=1500;lambda_mode=flow_per_pair_rate_mbps
154,627,719,10000,23918880071,,slot=239;src=627;dst=719;rate_mbps=0.005;flow_size_byte=10000;packet_lambda_per_s=None;packet_size_byte=1500;lambda_mode=flow_per_pair_rate_mbps
155,652,638,10000,23940413850,,slot=239;src=652;dst=638;rate_mbps=0.005;flow_size_byte=10000;packet_lambda_per_s=None;packet_size_byte=1500;lambda_mode=flow_per_pair_rate_mbps
156,705,690,10000,24008430282,,slot=240;src=705;dst=690;rate_mbps=0.005;flow_size_byte=10000;packet_lambda_per_s=None;packet_size_byte=1500;lambda_mode=flow_per_pair_rate_mbps
157,679,718,10000,24188815881,,slot=241;src=679;dst=718;rate_mbps=0.005;flow_size_byte=10000;packet_lambda_per_s=None;packet_size_byte=1500;lambda_mode=flow_per_pair_rate_mbps
158,704,700,10000,24232929549,,slot=242;src=704;dst=700;rate_mbps=0.005;flow_size_byte=10000;packet_lambda_per_s=None;packet_size_byte=1500;lambda_mode=flow_per_pair_rate_mbps
159,698,663,10000,24587441438,,slot=245;src=698;dst=663;rate_mbps=0.005;flow_size_byte=10000;packet_lambda_per_s=None;packet_size_byte=1500;lambda_mode=flow_per_pair_rate_mbps
160,690,705,10000,24686288164,,slot=246;src=690;dst=705;rate_mbps=0.005;flow_size_byte=10000;packet_lambda_per_s=None;packet_size_byte=1500;lambda_mode=flow_per_pair_rate_mbps
161,712,680,10000,25145677977,,slot=251;src=712;dst=680;rate_mbps=0.005;flow_size_byte=10000;packet_lambda_per_s=None;packet_size_byte=1500;lambda_mode=flow_per_pair_rate_mbps
162,701,665,10000,25363395734,,slot=253;src=701;dst=665;rate_mbps=0.005;flow_size_byte=10000;packet_lambda_per_s=None;packet_size_byte=1500;lambda_mode=flow_per_pair_rate_mbps
163,679,718,10000,25621071397,,slot=256;src=679;dst=718;rate_mbps=0.005;flow_size_byte=10000;packet_lambda_per_s=None;packet_size_byte=1500;lambda_mode=flow_per_pair_rate_mbps
164,646,683,10000,26307711625,,slot=263;src=646;dst=683;rate_mbps=0.005;flow_size_byte=10000;packet_lambda_per_s=None;packet_size_byte=1500;lambda_mode=flow_per_pair_rate_mbps
165,720,645,10000,26579471067,,slot=265;src=720;dst=645;rate_mbps=0.005;flow_size_byte=10000;packet_lambda_per_s=None;packet_size_byte=1500;lambda_mode=flow_per_pair_rate_mbps
166,635,710,10000,26696341232,,slot=266;src=635;dst=710;rate_mbps=0.005;flow_size_byte=10000;packet_lambda_per_s=None;packet_size_byte=1500;lambda_mode=flow_per_pair_rate_mbps
167,661,685,10000,26797890814,,slot=267;src=661;dst=685;rate_mbps=0.005;flow_size_byte=10000;packet_lambda_per_s=None;packet_size_byte=1500;lambda_mode=flow_per_pair_rate_mbps
168,661,685,10000,26914519932,,slot=269;src=661;dst=685;rate_mbps=0.005;flow_size_byte=10000;packet_lambda_per_s=None;packet_size_byte=1500;lambda_mode=flow_per_pair_rate_mbps
169,664,703,10000,27166373705,,slot=271;src=664;dst=703;rate_mbps=0.005;flow_size_byte=10000;packet_lambda_per_s=None;packet_size_byte=1500;lambda_mode=flow_per_pair_rate_mbps
170,641,670,10000,27170040767,,slot=271;src=641;dst=670;rate_mbps=0.005;flow_size_byte=10000;packet_lambda_per_s=None;packet_size_byte=1500;lambda_mode=flow_per_pair_rate_mbps
171,663,698,10000,27184918597,,slot=271;src=663;dst=698;rate_mbps=0.005;flow_size_byte=10000;packet_lambda_per_s=None;packet_size_byte=1500;lambda_mode=flow_per_pair_rate_mbps
172,665,701,10000,27469747646,,slot=274;src=665;dst=701;rate_mbps=0.005;flow_size_byte=10000;packet_lambda_per_s=None;packet_size_byte=1500;lambda_mode=flow_per_pair_rate_mbps
173,664,703,10000,27696075732,,slot=276;src=664;dst=703;rate_mbps=0.005;flow_size_byte=10000;packet_lambda_per_s=None;packet_size_byte=1500;lambda_mode=flow_per_pair_rate_mbps
174,643,672,10000,27716716338,,slot=277;src=643;dst=672;rate_mbps=0.005;flow_size_byte=10000;packet_lambda_per_s=None;packet_size_byte=1500;lambda_mode=flow_per_pair_rate_mbps
175,648,713,10000,27756691803,,slot=277;src=648;dst=713;rate_mbps=0.005;flow_size_byte=10000;packet_lambda_per_s=None;packet_size_byte=1500;lambda_mode=flow_per_pair_rate_mbps
176,698,663,10000,28216628408,,slot=282;src=698;dst=663;rate_mbps=0.005;flow_size_byte=10000;packet_lambda_per_s=None;packet_size_byte=1500;lambda_mode=flow_per_pair_rate_mbps
177,636,721,10000,28279479516,,slot=282;src=636;dst=721;rate_mbps=0.005;flow_size_byte=10000;packet_lambda_per_s=None;packet_size_byte=1500;lambda_mode=flow_per_pair_rate_mbps
178,695,688,10000,28656841129,,slot=286;src=695;dst=688;rate_mbps=0.005;flow_size_byte=10000;packet_lambda_per_s=None;packet_size_byte=1500;lambda_mode=flow_per_pair_rate_mbps
179,704,700,10000,28936966872,,slot=289;src=704;dst=700;rate_mbps=0.005;flow_size_byte=10000;packet_lambda_per_s=None;packet_size_byte=1500;lambda_mode=flow_per_pair_rate_mbps
180,667,707,10000,29052250047,,slot=290;src=667;dst=707;rate_mbps=0.005;flow_size_byte=10000;packet_lambda_per_s=None;packet_size_byte=1500;lambda_mode=flow_per_pair_rate_mbps
181,678,647,10000,29512498206,,slot=295;src=678;dst=647;rate_mbps=0.005;flow_size_byte=10000;packet_lambda_per_s=None;packet_size_byte=1500;lambda_mode=flow_per_pair_rate_mbps
182,682,631,10000,29672887660,,slot=296;src=682;dst=631;rate_mbps=0.005;flow_size_byte=10000;packet_lambda_per_s=None;packet_size_byte=1500;lambda_mode=flow_per_pair_rate_mbps
183,720,645,10000,29675854801,,slot=296;src=720;dst=645;rate_mbps=0.005;flow_size_byte=10000;packet_lambda_per_s=None;packet_size_byte=1500;lambda_mode=flow_per_pair_rate_mbps
184,635,710,10000,29756792325,,slot=297;src=635;dst=710;rate_mbps=0.005;flow_size_byte=10000;packet_lambda_per_s=None;packet_size_byte=1500;lambda_mode=flow_per_pair_rate_mbps
185,634,628,10000,29928657689,,slot=299;src=634;dst=628;rate_mbps=0.005;flow_size_byte=10000;packet_lambda_per_s=None;packet_size_byte=1500;lambda_mode=flow_per_pair_rate_mbps
186,674,673,10000,29970605825,,slot=299;src=674;dst=673;rate_mbps=0.005;flow_size_byte=10000;packet_lambda_per_s=None;packet_size_byte=1500;lambda_mode=flow_per_pair_rate_mbps
187,645,720,10000,30007908504,,slot=300;src=645;dst=720;rate_mbps=0.005;flow_size_byte=10000;packet_lambda_per_s=None;packet_size_byte=1500;lambda_mode=flow_per_pair_rate_mbps
188,723,633,10000,30162803405,,slot=301;src=723;dst=633;rate_mbps=0.005;flow_size_byte=10000;packet_lambda_per_s=None;packet_size_byte=1500;lambda_mode=flow_per_pair_rate_mbps
189,704,700,10000,30227260152,,slot=302;src=704;dst=700;rate_mbps=0.005;flow_size_byte=10000;packet_lambda_per_s=None;packet_size_byte=1500;lambda_mode=flow_per_pair_rate_mbps
190,721,636,10000,30254057346,,slot=302;src=721;dst=636;rate_mbps=0.005;flow_size_byte=10000;packet_lambda_per_s=None;packet_size_byte=1500;lambda_mode=flow_per_pair_rate_mbps
191,651,689,10000,30267753207,,slot=302;src=651;dst=689;rate_mbps=0.005;flow_size_byte=10000;packet_lambda_per_s=None;packet_size_byte=1500;lambda_mode=flow_per_pair_rate_mbps
192,682,631,10000,30461334372,,slot=304;src=682;dst=631;rate_mbps=0.005;flow_size_byte=10000;packet_lambda_per_s=None;packet_size_byte=1500;lambda_mode=flow_per_pair_rate_mbps
193,686,693,10000,30462040816,,slot=304;src=686;dst=693;rate_mbps=0.005;flow_size_byte=10000;packet_lambda_per_s=None;packet_size_byte=1500;lambda_mode=flow_per_pair_rate_mbps
194,668,692,10000,30751877939,,slot=307;src=668;dst=692;rate_mbps=0.005;flow_size_byte=10000;packet_lambda_per_s=None;packet_size_byte=1500;lambda_mode=flow_per_pair_rate_mbps
195,670,641,10000,30810349759,,slot=308;src=670;dst=641;rate_mbps=0.005;flow_size_byte=10000;packet_lambda_per_s=None;packet_size_byte=1500;lambda_mode=flow_per_pair_rate_mbps
196,637,711,10000,30882357533,,slot=308;src=637;dst=711;rate_mbps=0.005;flow_size_byte=10000;packet_lambda_per_s=None;packet_size_byte=1500;lambda_mode=flow_per_pair_rate_mbps
197,706,722,10000,30911021520,,slot=309;src=706;dst=722;rate_mbps=0.005;flow_size_byte=10000;packet_lambda_per_s=None;packet_size_byte=1500;lambda_mode=flow_per_pair_rate_mbps
198,639,684,10000,30921537762,,slot=309;src=639;dst=684;rate_mbps=0.005;flow_size_byte=10000;packet_lambda_per_s=None;packet_size_byte=1500;lambda_mode=flow_per_pair_rate_mbps
199,658,649,10000,30941580702,,slot=309;src=658;dst=649;rate_mbps=0.005;flow_size_byte=10000;packet_lambda_per_s=None;packet_size_byte=1500;lambda_mode=flow_per_pair_rate_mbps
200,630,642,10000,31113403859,,slot=311;src=630;dst=642;rate_mbps=0.005;flow_size_byte=10000;packet_lambda_per_s=None;packet_size_byte=1500;lambda_mode=flow_per_pair_rate_mbps
201,639,684,10000,31374221589,,slot=313;src=639;dst=684;rate_mbps=0.005;flow_size_byte=10000;packet_lambda_per_s=None;packet_size_byte=1500;lambda_mode=flow_per_pair_rate_mbps
202,641,670,10000,31473231285,,slot=314;src=641;dst=670;rate_mbps=0.005;flow_size_byte=10000;packet_lambda_per_s=None;packet_size_byte=1500;lambda_mode=flow_per_pair_rate_mbps
203,690,705,10000,31698170536,,slot=316;src=690;dst=705;rate_mbps=0.005;flow_size_byte=10000;packet_lambda_per_s=None;packet_size_byte=1500;lambda_mode=flow_per_pair_rate_mbps
204,651,689,10000,31741920013,,slot=317;src=651;dst=689;rate_mbps=0.005;flow_size_byte=10000;packet_lambda_per_s=None;packet_size_byte=1500;lambda_mode=flow_per_pair_rate_mbps
205,666,691,10000,31921662818,,slot=319;src=666;dst=691;rate_mbps=0.005;flow_size_byte=10000;packet_lambda_per_s=None;packet_size_byte=1500;lambda_mode=flow_per_pair_rate_mbps
206,683,646,10000,31952005048,,slot=319;src=683;dst=646;rate_mbps=0.005;flow_size_byte=10000;packet_lambda_per_s=None;packet_size_byte=1500;lambda_mode=flow_per_pair_rate_mbps
207,706,722,10000,32041791107,,slot=320;src=706;dst=722;rate_mbps=0.005;flow_size_byte=10000;packet_lambda_per_s=None;packet_size_byte=1500;lambda_mode=flow_per_pair_rate_mbps
208,703,664,10000,32122070595,,slot=321;src=703;dst=664;rate_mbps=0.005;flow_size_byte=10000;packet_lambda_per_s=None;packet_size_byte=1500;lambda_mode=flow_per_pair_rate_mbps
209,704,700,10000,32208994557,,slot=322;src=704;dst=700;rate_mbps=0.005;flow_size_byte=10000;packet_lambda_per_s=None;packet_size_byte=1500;lambda_mode=flow_per_pair_rate_mbps
210,698,663,10000,32304808982,,slot=323;src=698;dst=663;rate_mbps=0.005;flow_size_byte=10000;packet_lambda_per_s=None;packet_size_byte=1500;lambda_mode=flow_per_pair_rate_mbps
211,688,695,10000,32791737071,,slot=327;src=688;dst=695;rate_mbps=0.005;flow_size_byte=10000;packet_lambda_per_s=None;packet_size_byte=1500;lambda_mode=flow_per_pair_rate_mbps
212,708,632,10000,32919325492,,slot=329;src=708;dst=632;rate_mbps=0.005;flow_size_byte=10000;packet_lambda_per_s=None;packet_size_byte=1500;lambda_mode=flow_per_pair_rate_mbps
213,651,689,10000,33042359175,,slot=330;src=651;dst=689;rate_mbps=0.005;flow_size_byte=10000;packet_lambda_per_s=None;packet_size_byte=1500;lambda_mode=flow_per_pair_rate_mbps
214,645,720,10000,33359284784,,slot=333;src=645;dst=720;rate_mbps=0.005;flow_size_byte=10000;packet_lambda_per_s=None;packet_size_byte=1500;lambda_mode=flow_per_pair_rate_mbps
215,680,712,10000,33369711206,,slot=333;src=680;dst=712;rate_mbps=0.005;flow_size_byte=10000;packet_lambda_per_s=None;packet_size_byte=1500;lambda_mode=flow_per_pair_rate_mbps
216,698,663,10000,33417135696,,slot=334;src=698;dst=663;rate_mbps=0.005;flow_size_byte=10000;packet_lambda_per_s=None;packet_size_byte=1500;lambda_mode=flow_per_pair_rate_mbps
217,644,687,10000,33419698697,,slot=334;src=644;dst=687;rate_mbps=0.005;flow_size_byte=10000;packet_lambda_per_s=None;packet_size_byte=1500;lambda_mode=flow_per_pair_rate_mbps
218,698,663,10000,33698807008,,slot=336;src=698;dst=663;rate_mbps=0.005;flow_size_byte=10000;packet_lambda_per_s=None;packet_size_byte=1500;lambda_mode=flow_per_pair_rate_mbps
219,682,631,10000,33739271767,,slot=337;src=682;dst=631;rate_mbps=0.005;flow_size_byte=10000;packet_lambda_per_s=None;packet_size_byte=1500;lambda_mode=flow_per_pair_rate_mbps
220,678,647,10000,33768868471,,slot=337;src=678;dst=647;rate_mbps=0.005;flow_size_byte=10000;packet_lambda_per_s=None;packet_size_byte=1500;lambda_mode=flow_per_pair_rate_mbps
221,717,675,10000,33904488909,,slot=339;src=717;dst=675;rate_mbps=0.005;flow_size_byte=10000;packet_lambda_per_s=None;packet_size_byte=1500;lambda_mode=flow_per_pair_rate_mbps
222,688,695,10000,33959706493,,slot=339;src=688;dst=695;rate_mbps=0.005;flow_size_byte=10000;packet_lambda_per_s=None;packet_size_byte=1500;lambda_mode=flow_per_pair_rate_mbps
223,647,678,10000,34419411625,,slot=344;src=647;dst=678;rate_mbps=0.005;flow_size_byte=10000;packet_lambda_per_s=None;packet_size_byte=1500;lambda_mode=flow_per_pair_rate_mbps
224,669,696,10000,34445448836,,slot=344;src=669;dst=696;rate_mbps=0.005;flow_size_byte=10000;packet_lambda_per_s=None;packet_size_byte=1500;lambda_mode=flow_per_pair_rate_mbps
225,715,677,10000,34490346186,,slot=344;src=715;dst=677;rate_mbps=0.005;flow_size_byte=10000;packet_lambda_per_s=None;packet_size_byte=1500;lambda_mode=flow_per_pair_rate_mbps
226,711,637,10000,34531269543,,slot=345;src=711;dst=637;rate_mbps=0.005;flow_size_byte=10000;packet_lambda_per_s=None;packet_size_byte=1500;lambda_mode=flow_per_pair_rate_mbps
227,636,721,10000,34970314049,,slot=349;src=636;dst=721;rate_mbps=0.005;flow_size_byte=10000;packet_lambda_per_s=None;packet_size_byte=1500;lambda_mode=flow_per_pair_rate_mbps
228,708,632,10000,35020288036,,slot=350;src=708;dst=632;rate_mbps=0.005;flow_size_byte=10000;packet_lambda_per_s=None;packet_size_byte=1500;lambda_mode=flow_per_pair_rate_mbps
229,633,723,10000,35023900308,,slot=350;src=633;dst=723;rate_mbps=0.005;flow_size_byte=10000;packet_lambda_per_s=None;packet_size_byte=1500;lambda_mode=flow_per_pair_rate_mbps
230,632,708,10000,35095722491,,slot=350;src=632;dst=708;rate_mbps=0.005;flow_size_byte=10000;packet_lambda_per_s=None;packet_size_byte=1500;lambda_mode=flow_per_pair_rate_mbps
231,694,714,10000,35270968781,,slot=352;src=694;dst=714;rate_mbps=0.005;flow_size_byte=10000;packet_lambda_per_s=None;packet_size_byte=1500;lambda_mode=flow_per_pair_rate_mbps
232,654,709,10000,35383837968,,slot=353;src=654;dst=709;rate_mbps=0.005;flow_size_byte=10000;packet_lambda_per_s=None;packet_size_byte=1500;lambda_mode=flow_per_pair_rate_mbps
233,685,661,10000,35670519825,,slot=356;src=685;dst=661;rate_mbps=0.005;flow_size_byte=10000;packet_lambda_per_s=None;packet_size_byte=1500;lambda_mode=flow_per_pair_rate_mbps
234,678,647,10000,35884281378,,slot=358;src=678;dst=647;rate_mbps=0.005;flow_size_byte=10000;packet_lambda_per_s=None;packet_size_byte=1500;lambda_mode=flow_per_pair_rate_mbps
235,651,689,10000,35946333871,,slot=359;src=651;dst=689;rate_mbps=0.005;flow_size_byte=10000;packet_lambda_per_s=None;packet_size_byte=1500;lambda_mode=flow_per_pair_rate_mbps
236,655,629,10000,35954949978,,slot=359;src=655;dst=629;rate_mbps=0.005;flow_size_byte=10000;packet_lambda_per_s=None;packet_size_byte=1500;lambda_mode=flow_per_pair_rate_mbps
237,638,652,10000,36025267983,,slot=360;src=638;dst=652;rate_mbps=0.005;flow_size_byte=10000;packet_lambda_per_s=None;packet_size_byte=1500;lambda_mode=flow_per_pair_rate_mbps
238,706,722,10000,36143919829,,slot=361;src=706;dst=722;rate_mbps=0.005;flow_size_byte=10000;packet_lambda_per_s=None;packet_size_byte=1500;lambda_mode=flow_per_pair_rate_mbps
239,632,708,10000,36288771157,,slot=362;src=632;dst=708;rate_mbps=0.005;flow_size_byte=10000;packet_lambda_per_s=None;packet_size_byte=1500;lambda_mode=flow_per_pair_rate_mbps
240,672,643,10000,36301078089,,slot=363;src=672;dst=643;rate_mbps=0.005;flow_size_byte=10000;packet_lambda_per_s=None;packet_size_byte=1500;lambda_mode=flow_per_pair_rate_mbps
241,676,699,10000,36525484974,,slot=365;src=676;dst=699;rate_mbps=0.005;flow_size_byte=10000;packet_lambda_per_s=None;packet_size_byte=1500;lambda_mode=flow_per_pair_rate_mbps
242,721,636,10000,36829398053,,slot=368;src=721;dst=636;rate_mbps=0.005;flow_size_byte=10000;packet_lambda_per_s=None;packet_size_byte=1500;lambda_mode=flow_per_pair_rate_mbps
243,697,653,10000,37023779124,,slot=370;src=697;dst=653;rate_mbps=0.005;flow_size_byte=10000;packet_lambda_per_s=None;packet_size_byte=1500;lambda_mode=flow_per_pair_rate_mbps
244,675,717,10000,37109783658,,slot=371;src=675;dst=717;rate_mbps=0.005;flow_size_byte=10000;packet_lambda_per_s=None;packet_size_byte=1500;lambda_mode=flow_per_pair_rate_mbps
245,642,630,10000,37483333748,,slot=374;src=642;dst=630;rate_mbps=0.005;flow_size_byte=10000;packet_lambda_per_s=None;packet_size_byte=1500;lambda_mode=flow_per_pair_rate_mbps
246,691,666,10000,37504450016,,slot=375;src=691;dst=666;rate_mbps=0.005;flow_size_byte=10000;packet_lambda_per_s=None;packet_size_byte=1500;lambda_mode=flow_per_pair_rate_mbps
247,709,654,10000,38117055564,,slot=381;src=709;dst=654;rate_mbps=0.005;flow_size_byte=10000;packet_lambda_per_s=None;packet_size_byte=1500;lambda_mode=flow_per_pair_rate_mbps
248,648,713,10000,38219761806,,slot=382;src=648;dst=713;rate_mbps=0.005;flow_size_byte=10000;packet_lambda_per_s=None;packet_size_byte=1500;lambda_mode=flow_per_pair_rate_mbps
249,634,628,10000,38343850281,,slot=383;src=634;dst=628;rate_mbps=0.005;flow_size_byte=10000;packet_lambda_per_s=None;packet_size_byte=1500;lambda_mode=flow_per_pair_rate_mbps
250,664,703,10000,38580774458,,slot=385;src=664;dst=703;rate_mbps=0.005;flow_size_byte=10000;packet_lambda_per_s=None;packet_size_byte=1500;lambda_mode=flow_per_pair_rate_mbps
251,634,628,10000,38676811124,,slot=386;src=634;dst=628;rate_mbps=0.005;flow_size_byte=10000;packet_lambda_per_s=None;packet_size_byte=1500;lambda_mode=flow_per_pair_rate_mbps
252,664,703,10000,38737439686,,slot=387;src=664;dst=703;rate_mbps=0.005;flow_size_byte=10000;packet_lambda_per_s=None;packet_size_byte=1500;lambda_mode=flow_per_pair_rate_mbps
253,647,678,10000,38777087459,,slot=387;src=647;dst=678;rate_mbps=0.005;flow_size_byte=10000;packet_lambda_per_s=None;packet_size_byte=1500;lambda_mode=flow_per_pair_rate_mbps
254,689,651,10000,38797058453,,slot=387;src=689;dst=651;rate_mbps=0.005;flow_size_byte=10000;packet_lambda_per_s=None;packet_size_byte=1500;lambda_mode=flow_per_pair_rate_mbps
255,659,626,10000,38986402405,,slot=389;src=659;dst=626;rate_mbps=0.005;flow_size_byte=10000;packet_lambda_per_s=None;packet_size_byte=1500;lambda_mode=flow_per_pair_rate_mbps
256,639,684,10000,39004212262,,slot=390;src=639;dst=684;rate_mbps=0.005;flow_size_byte=10000;packet_lambda_per_s=None;packet_size_byte=1500;lambda_mode=flow_per_pair_rate_mbps
257,669,696,10000,39517733987,,slot=395;src=669;dst=696;rate_mbps=0.005;flow_size_byte=10000;packet_lambda_per_s=None;packet_size_byte=1500;lambda_mode=flow_per_pair_rate_mbps
258,646,683,10000,39825135587,,slot=398;src=646;dst=683;rate_mbps=0.005;flow_size_byte=10000;packet_lambda_per_s=None;packet_size_byte=1500;lambda_mode=flow_per_pair_rate_mbps
259,695,688,10000,39848899931,,slot=398;src=695;dst=688;rate_mbps=0.005;flow_size_byte=10000;packet_lambda_per_s=None;packet_size_byte=1500;lambda_mode=flow_per_pair_rate_mbps
260,696,669,10000,40112876925,,slot=401;src=696;dst=669;rate_mbps=0.005;flow_size_byte=10000;packet_lambda_per_s=None;packet_size_byte=1500;lambda_mode=flow_per_pair_rate_mbps
261,689,651,10000,40193451675,,slot=401;src=689;dst=651;rate_mbps=0.005;flow_size_byte=10000;packet_lambda_per_s=None;packet_size_byte=1500;lambda_mode=flow_per_pair_rate_mbps
262,650,640,10000,40234767007,,slot=402;src=650;dst=640;rate_mbps=0.005;flow_size_byte=10000;packet_lambda_per_s=None;packet_size_byte=1500;lambda_mode=flow_per_pair_rate_mbps
263,644,687,10000,40329713511,,slot=403;src=644;dst=687;rate_mbps=0.005;flow_size_byte=10000;packet_lambda_per_s=None;packet_size_byte=1500;lambda_mode=flow_per_pair_rate_mbps
264,652,638,10000,40568588597,,slot=405;src=652;dst=638;rate_mbps=0.005;flow_size_byte=10000;packet_lambda_per_s=None;packet_size_byte=1500;lambda_mode=flow_per_pair_rate_mbps
265,653,697,10000,40599546725,,slot=405;src=653;dst=697;rate_mbps=0.005;flow_size_byte=10000;packet_lambda_per_s=None;packet_size_byte=1500;lambda_mode=flow_per_pair_rate_mbps
266,679,718,10000,40769578471,,slot=407;src=679;dst=718;rate_mbps=0.005;flow_size_byte=10000;packet_lambda_per_s=None;packet_size_byte=1500;lambda_mode=flow_per_pair_rate_mbps
267,701,665,10000,40909879077,,slot=409;src=701;dst=665;rate_mbps=0.005;flow_size_byte=10000;packet_lambda_per_s=None;packet_size_byte=1500;lambda_mode=flow_per_pair_rate_mbps
268,696,669,10000,41216092137,,slot=412;src=696;dst=669;rate_mbps=0.005;flow_size_byte=10000;packet_lambda_per_s=None;packet_size_byte=1500;lambda_mode=flow_per_pair_rate_mbps
269,715,677,10000,41224854462,,slot=412;src=715;dst=677;rate_mbps=0.005;flow_size_byte=10000;packet_lambda_per_s=None;packet_size_byte=1500;lambda_mode=flow_per_pair_rate_mbps
270,718,679,10000,41572844534,,slot=415;src=718;dst=679;rate_mbps=0.005;flow_size_byte=10000;packet_lambda_per_s=None;packet_size_byte=1500;lambda_mode=flow_per_pair_rate_mbps
271,724,681,10000,41599276869,,slot=415;src=724;dst=681;rate_mbps=0.005;flow_size_byte=10000;packet_lambda_per_s=None;packet_size_byte=1500;lambda_mode=flow_per_pair_rate_mbps
272,674,673,10000,41654923409,,slot=416;src=674;dst=673;rate_mbps=0.005;flow_size_byte=10000;packet_lambda_per_s=None;packet_size_byte=1500;lambda_mode=flow_per_pair_rate_mbps
273,653,697,10000,41784546363,,slot=417;src=653;dst=697;rate_mbps=0.005;flow_size_byte=10000;packet_lambda_per_s=None;packet_size_byte=1500;lambda_mode=flow_per_pair_rate_mbps
274,639,684,10000,41887222259,,slot=418;src=639;dst=684;rate_mbps=0.005;flow_size_byte=10000;packet_lambda_per_s=None;packet_size_byte=1500;lambda_mode=flow_per_pair_rate_mbps
275,628,634,10000,42216239752,,slot=422;src=628;dst=634;rate_mbps=0.005;flow_size_byte=10000;packet_lambda_per_s=None;packet_size_byte=1500;lambda_mode=flow_per_pair_rate_mbps
276,654,709,10000,42436555567,,slot=424;src=654;dst=709;rate_mbps=0.005;flow_size_byte=10000;packet_lambda_per_s=None;packet_size_byte=1500;lambda_mode=flow_per_pair_rate_mbps
277,629,655,10000,42439486311,,slot=424;src=629;dst=655;rate_mbps=0.005;flow_size_byte=10000;packet_lambda_per_s=None;packet_size_byte=1500;lambda_mode=flow_per_pair_rate_mbps
